,stem,verb_root,verb_root2,class,class_variants,infinitive,plural,plural_morpheme,past,present,imperative,translation,Unnamed: 12,vowel
0,адах,,,0,,ал,,,ейо,еш,е,"понимать (о языке), гьоболлил илос миц ахо адахеш гость понимает наш язык",,е
1,азодок,,,0,,ал,,,ийо,ца,ѳ,наступить (о лете),,
2,азодокI,,,0,,ал,,,ийо,ца,а,перех. от азодокал,,
3,акьакI,акьа,кI,0,,ал,акьабāкIал,бā,ийо,ца,,подготавливать,,
4,акIилдокI,акIилдо,кI,0,,ал,акIилдобакIал,ба,ийо,ца,а,резать криво (косо),,
5,акIилдолъ,акIилдо,лъ,0,,ал,акIилдобалъал,ба,ийо,ца,ѳ,стать (стано-виться) криво (косо) разрезанным,,
6,акIол,,,1,й- II  б- III,ал,бакIолал,class,ло,ца,а,становиться рябым (или пятнистым),,
7,атāк,ат,āк,0,,ал,атабāкал,бā,ийо,ца,ѳ,1) отодвигаться,,
8,атāкI,ат,āкI,0,,ал,атабāкIал,бā,ийо,ца,а,1) отодвигать,,
9,аьмаькъ,,,0,,аьл,,,ейо,еш,а,ударить в голову (о влиянии алкоголя),,е
10,аᴴзакI,аᴴза,кI,0,,ал,аᴴзабакIал,ба,ийо,ца,а,1) марать,,
11,аᴴзалъ,аᴴза,лъ,0,,ал,аᴴзабалъал,ба,ийо,ца,ѳ,1) мараться,,
12,аᴴхс,аᴴх,с,0,,ал,аᴴхбасал,ба,ойо,ос,о,"спешить, торопиться",,о
13,аᴴцIкI,аᴴцI,кI,0,,ал,аᴴцIбакIал,ба,ийо,ис//-ца,а,"1) точить, чинить",,и
14,аᴴцIлъ,аᴴцI,лъ,0,,ал,аᴴцIбалъал,ба,ийо,ис//-ца,и,1) быть (стать) отточенным 2) быть (стать) острым (заостренным),,и
15,аᴴъаᴴлI,,,0,,ал,,,ойо,ос,а,однокр. орать (об осле),,о
16,аьᴴгьлъ,аьᴴгь,лъ,0,,аьл,аьᴴгьбаьлъаьл,баь,ийо,ис,и,"дырявиться, прохудиться, продырявливаться",,и
17,аьᴴгькI,аьᴴгь,кI,0,,аьл,аьᴴгьбаькIаьл,баь,ийо,чаь,аь,"дырявить, продырявливать",,
18,аьᴴйдāьк,аьᴴйд,āьк,0,,ал,аьᴴйдаьбāькал,бāь,ийо,чаь,ѳ,"1) оказываться впереди, обгонять, опережать",,
19,аьᴴйдāькI,аьᴴйд,āькI,0,,аьл,аьᴴйдаьбāькIаьл,бāь,ийо,чаь,аь,"1) продвигать вперед, передвигать",,
20,аьᴴкъекI,аьᴴкъе,кI,0,,ал,аьᴴкъебакIал,ба,ийо,ца,а,"выделять, отделять (чужого)",,
21,аьᴴкъелъ,аьᴴкъе,лъ,0,,ал,аьᴴкъебалъал,ба,ийо,ца,ѳ,"смотреть подозрительно, вести себя подозрительно",,
22,аьᴴл,,,0,,аьл,āьᴴлаьл,āьᴴл,лоь,чаь,аь,добавлять,,
23,аьᴴхъекI,аьᴴхъ,екI,0,,ал,аьᴴхъабакIал,ба,ийо,ца,а,наклонять,,
24,аьᴴхъелъ,аьᴴхъе,лъ,0,,ал,аьᴴхъебалъал,ба,ийо,ца,ѳ,наклоняться,,
25,аьᴴч,,,0,,аьл,āьᴴбаьчаьл,баь,ейо,еш,аь,"делать острым, точить",,е
26,бабалокI,бабало,кI,0,,ал,бабалобакIал,ба,ийо,ца,а,"1) делать блестящим, наводить блеск (глянец) на что-л.",,
27,бабалолъ,бабало,лъ,0,,ал,бабалобалъал,ба,ийо,ца,ѳ,1) блестеть,,
28,бахъандокI,бахъандо,кI,0,,ал,бахъандобакIал,ба,ийо,ца,а,удивлять кого-л.,,
29,бахъандолъ,бахъандо,лъ,0,,ал,бахъандобалъал,ба,ийо,ца,ѳ,удивляться,,
30,баълI,,,0,,ал,,,ойо,ос,а,однокр. поцеловать,,о
31,баьх,б,аьх,0,,аьл,бāьхаьл,бāьх,ийо,чаь,аь,копать лопатой,,
32,беже,еже,,1,ѳ- I  й- II,ал,бежебāгъал // йежейāгьал,"бā,йā",ойо,ос,а,"1) беспокоить, не давать покоя 2) преследовать (во время течки",,о
33,белекI,,,0,,ал,,,ийо,ца,а,делать яловым,,
34,белелъ,,,0,,ал,,,ийо,ца,ѳ,"стать яловой, яловеть",,
35,бес,,,0,,ал,,,ийо,ца,ѳ,ткать (о ковре),,
36,бес,,,0,,ал,,,ойо,ос,о,"1) пить и есть 2) пировать, веселиться",,о
37,бикдолъ,,,0,,ал,,,ийо,ца,ѳ,быть (стать) полным (широкоплечим),,
38,билIолдокI,,,0,,ал,,,ийо,ца,а,редко строить что-л. подобно дому,,
39,бицдокI,бицдо,кI,0,,ал,бицдобакIал,ба,ийо,ца,а,1) смягчить (о коже),,
40,бицдолъ,бицдо,лъ,0,,ал,бицдобалъал,ба,ийо,ца,ѳ,1) смягчиться (о коже),,
41,бичел,,,1,,ал,йийачелал,йа,ло,ца,а,свежевать,,
42,боглакI,,,0,,ал,,,ийо,ца,а,совершить ночной намаз,,
43,боглалъ,,,0,,ал,,,ийо,ца,ѳ,"наступить (о ночи, времени ночного намаза)",,
44,бож,бо,ж,0,,ал,боважал,ва,ийо,ча,ѳ,верить кому-л.,,
45,болболI,,,0,,ал,,,ойо,ос,а,размазываться,,о
46,болI,,,0,,ал,,,ойо,ос,а,пахать,,о
47,болIобугъ,,,0,,ал,,,ойо,ос,о,"закончить пахоту, закончить пахать",,о
48,боцдокI,боцдо,кI,0,,ал,боцдобакIал,ба,ийо,ца,а,"ослеплять, слепить (глаза)",,
49,боцдолъ,боцдо,лъ,0,,ал,боцдобалъал,ба,ийо,ца,ѳ,"становиться слепым, ослепнуть",,
50,боьблаь,,,0,,аьл,,,аьйо,ш,аь,"подниматься, подойти (о дрожжевом тесте, о хлебе)",,
51,боькъоьндоькI,боькъоьндоь,кI,0,,аьл,боькъоьндоьбаькIал,баь,ийо,чаь,аь,выражать недовольство (смотреть злым взглядом исподлобья),,
52,боькъоьндоьлъ,боькъоьндоь,лъ,0,,аьл,боькъоьндоьбаьлъаьл,баь,ийо,чаь,ѳ,насупиться,,
53,боьлI,,,1,,аьлI,йоьваьлIаьл,ваь,ийо,чаь,аь,"завернуть, заворачивать",,
54,боьлI,,,1,,аьл,йоьваьлIаьл,ваь,ийо,чаь,аь,курить,,
55,боьтIоькI,боьтIоь,кI,0,,аьл,боьтIоьбаькIаьл,баь,ийо,чаь,аь,тупить,,
56,боьтIоьлъ,боьтIоь,лъ,0,,аьл,боьтIоьбаьлъаьл,баь,ийо,чаь,ѳ,становиться тупым,,
57,буьъ,буь,ъ,0,,аьл,буьваьъаьл,ваь,ийо,чаь,аь,уничтожать (вши),,
58,вагьлI,,,0,,ал,,,ойо,ос,о,однокр. ахнуть,,о
59,вайлI,,,0,,ал,,,ойо,ос,о,"однокр. охать, стонать",,о
60,ваьгълI,ваьгъ,лI,0,,аьл,ваьгъбаьлIаьл,баь,оьйо,оьш,оь,плакать (о ребенке),,оь
61,ваьрлI,ваьр,лI,0,,аьл,ваьрбалIаьл,ба,оьроь,оьч,оь,говорить,,оь
62,вишлIол,виш,лIол,0,,ал,вишбалIолал,ба,ло,ца,а,сопеть,,
63,гаййа,,,0,,ал,гаййаба/ал,ба,айо,с,а,1) медлить,,
64,гамлI,,,0,,ал,,,ойо,ос,о,бездельничать,,о
65,гаьмекI,гаьме,кI,0,,ал,гаьмебакIал,ба,ийо,ца,а,делать худым (тощим),,
66,гаьмелъ,гаьме,лъ,0,,ал,гаьмебалъал,ба,ийо,ца,ѳ,"худеть, истощаться",,
67,гейдокI,гейдо,кI,0,,ал,гейдобакIал,ба,ийо,ца,а,"1) делать овальным 2) перен. вылупить, вытаращить (глаза)",,
68,гейдолъ,гейдо,лъ,0,,ал,гейдобалъал,ба,ийо,ца,ѳ,1) быть (стать) овальным,,
69,герлI,гер,лI,0,,ал,гербалIал,ба,ойо,ос,о,ругать,,о
70,гилIк,гилI,к,0,,ал,гилIбакал,ба,ийо,ис,и,"сойти, выйти, выходить",,и
71,гисак,гиса,к,0,,ал,гисабакал,ба,ийо,ца,ѳ,выходить,,
72,гисакI,гиса,кI,0,,ал,гисабакIал,ба,ийо,ца,а,"выпускать, вывести на улицу",,
73,гис,,ис,1,гоьшаьл I гуьшаьл III,ал,гуьваьшаьл // гуьваьбаьшаьл,,гишейо,гишеш,гише,1) трогать 2) пробовать 3) делать,,г
74,гитI,ги,тI,0,,ал,гийатIал,йа,ийо,ца,а,"лить, наливать",,
75,гих,ги,х,0,,ал,гийахал,йа,ейо,еш,а,"надевать, натягивая снизу вверх",,е
76,гихел,ги,хел,0,,ал,гийахелал,йа,ло,ца,а,"надевать на кого-л. (действие, направленное снизу вверх)",,
77,гихъ,,ихъ,1,гухъал III,ал,гувахъал,ва,ийо,ца,ѳ,быть переполненным (о  вымени,,
78,гицI,ги,цI,0,,ал,гийабацIал,йаба,ийо,ца,ѳ,1) втыкаться 2) влезать во что-л.,,
79,гицI,,ицI,1,гоцIал I  гуцIал III,ал,гувацIал,ва,ийо,ца,"е,о","проведать, наведываться",,
80,говацI,,овацI,1,гийацIал II  гувацIал III,ал,гувабацIал,ба,ойо,ос,о,смотреть,ва - антипассив,о
81,гомдокI,гомдо,кI,0,,ал,гомдобакIал,ба,ийо,ца,а,делать холмистым,,
82,гомдолъ,гомдо,лъ,0,,ал,гомдобалъал,ба,ийо,ца,ѳ,1) бугриться,,
83,гомордокI,гомордо,кI,0,,ал,гомордобакIал,ба,ийо,ца,а,"делать круглым, круглить",,
84,гомордолъ,гомордо,лъ,0,,ал,гомордобалъал,ба,ийо,ца,ѳ,круглеть,,
85,гот,го,т,0,,ал,говатал,ва,ойо,ос,а,"1) стлать, стелить",,о
86,гоцIохъ,,оцIохъ,1,гичIехъал II  гуцIохъал III,ал,гуцIобахъал,,ийо,ца,а,1) смотреть,,
87,гуглокI,,,0,,ал,,,ийо,ца,а,делать полутеплой (о воде),,
88,гуглолъ,,,0,,ал,,,ийо,ца,ѳ,становиться полутеплой (о воде),,
89,гукил,гу,кил,0,,ал,гувакилал,ва,ло,ца,а,"надевать на кого-л. (шапку, фуражку, шляпу, платок)",,
90,гукI,гу,кI,0,,ал,гувакIал,ва,ийо,ца,а,"надевать (шапку, фуражку, платок)",,
91,гукI,у,кI,1,гокIал I  гикIал II,ал,гувакIал,ва,ийо,ца,а,"бить, колотить",,
92,гул,у,л,1,голал I  гилал II,ал,гувалал,ва,ло,ца,а,1) ставить стоймя,,
93,гуцI,у,цI,1,,ал,гувацIал,ва,ойо,ос,а,"латать, зашивать дыру",,о
94,гуцI,,,1,гицIал II гоцIал I,ал,мн. гуцIал // гувацIал,ва,ойо,ос,о,1) втыкаться 2) влезать во что-л.,,о
95,гуъ,гу,ъ,0,,ал,гуваъал,ва,ийо,ца,а,1) сыпать,,
96,гъайлI,гъай,лI,0,,ал,гъайбалIал,ба,ойо,ос,о,кипеть,,о
97,гъапIлI,,,0,,ал,,ба,ойо,ос,о,ворочаться,,о
98,гъацлI,гъац,лI,0,,ал,гъацбалIал,ба,ойо,ос,о,"1) быть (стать) очень густым, обильным (о ягодах, фруктах)",,о
99,гъаьгъаьтIоь,,,0,,аьл,гъаьгъаьтIоьбаькIаьл,баь,ийо,чаь,аь,мутить,,
100,гъаьгъаьтIоьлъ,гъаьгъаьтIоь,лъ,0,,аьл,гъаьгъаьтIоьбаьлъаьл,баь,ийо,чаь,ѳ,"мутнеть, мутиться",,
101,гъаьжебакI,,,0,,ал,,,ийо,ца,а,скалить,,
102,гъаьжекI,гъаьже,кI,0,,ал,гъаьжебакIал,ба,ийо,ца,а,унич. умерщвлять,,
103,гъаьжелъ,гъаьже,лъ,0,,ал,гъаьжебалъал,ба,ийо,ца,ѳ,"унич. умирать, дохнуть",,
104,гъаьйкI,гъаьй,кI,0,,аьл,гъаьйбаькIаьл,баь,ийо,ца,аь,1) гноить,,
105,гъаьйлъ,гъаьй,лъ,0,,аьл,гъаьйбаьлъаьл,баь,ийо,чаь,ѳ,"1) гнить, разлагаться",,
106,гъаьтIлI,,,0,,аьл,,,оьйо,оьш,оь,быть (стать) красивым,,оь
107,гъаьълI,,,0,,аьл,,,оьйо,оьш,аь,каркнуть,,оь
108,гъейа,,,0,,ал,гъейаба/ал,ба,айо,с,а,валяться,,
109,тохъ,,,1,гъел тихъал II  гъел тухъал III,ал,гъел тувахъал,ва,ийо,ца,ѳ,"1) прислоняться, привалиться",,
110,гъес,гъе,с,0,,ал,гъейасал,йа,гъешейо,гъешеш,гъеса,"закрывать, запирать",,г
111,гъешейцI,,,0,,ал,,,ийо,йа,ѳ,"закрываться, запираться (чуть-чуть, слегка)",,й
112,гъигъдокI,гъиг,ъдокI,0,,ал,гъигьдобакIал,ба,ийо,ца,а,делать приземистым,,
113,гъигъдолъ,гъигъдо,лъ,0,,ал,гъигъдобалъал,ба,ийо,ца,ѳ,стать (быть) приземистым,,
114,гъикълI,гъикъ,лI,0,,ал,гъикъбалIал,ба,ойо,ос,о,1) согнуться (под тяжестью) 2) трястись,,о
115,гъиракIдаба,,,0,,ал,,,айо,с,а,изъявлять желание,,
116,гъирлI,,,0,,ал,,,ойо,ос,о,"трястись, дрожать",,о
117,гъова,,,0,,ал,гъоваба/ал,ба,айо,с,а,рычать,,
118,гъодокI,гъодо,кI,0,,ал,гъодобакIал,ба,ийо,ца,а,горбить,,
119,гъодолъ,гъодо,лъ,0,,ал,гъодобалъал,лъ,ийо,ца,ѳ,"быть (стать) горбатым, горбиться",,
120,гъозолагь,,,0,,ал,,,иро,с,а,зевать (тляд.),,
121,гъолI,,,0,,ал,,,ойо,ос,а,рыдать,,о
122,гъугъдобакI,,,0,,ал,,,ийо,ца,а,посмотреть зло,,
123,гъугъдобалъ,,,0,,ал,,,ийо,ца,ѳ,злиться (выражать зло глазами),,
124,гъунусдолъ,гъунусдо,лъ,0,,ал,гъунусдобалъал,ба,ийо,ца,ѳ,становиться унылым,,
125,гьагьалI,гьагьа,лI,0,,ал,гьагьабалIал,ба,ойо,ос,о,"расхватать, купить на расхват",,о
126,гьагьлI,,,0,,ал,,,ойо,ос,а,однокр. 1) зевнуть,,о
127,гьадицI,гьади,цI,0,,ал,гьадибацIал,ба,ийо,ца,ѳ,потеть,,
128,гьайлI,гьай,лI,0,,ал,гьайбалIал,ба,ойо,ос,о,"шуметь, резвиться",,о
129,гьакокI,гьако,кI,0,,ал,гьакобакIал,ба,ийо,ца,а,задерживать,,
130,гьаколъ,гьако,лъ,0,,ал,гьакобалъал,ба,ийо,ца,ѳ,опаздывать,,
131,гьакI,гь,акI,0,,ал,гьāкIал,а,ийо,ца,а,"выбирать, подбирать",,
132,гьалалI,гьала,лI,0,,ал,гьалабалIал,ба,ойо,ос,о,чесаться,,о
133,гьалIодолъ,,,0,,ал,,,ийо,ца,ѳ,"1) стоять как вкопанный 2) быть (стать) удивленным (изумленным), удивляться, изумляться",,
134,гьацокI,гьацо,кI,0,,ал,гьацобакIал,ба,ийо,ца,а,"узнавать, прицеливаться",,
135,гьацолъ,гьацо,лъ,0,,ал,гьацобалъал,ба,ийо,ца,ѳ,"узнаваться, выясняться",,
136,гьаъ,гь,аъ,0,,ал,гьāъал,а,ойо,ос,а,молоть,,о
137,гьаьгьаьлоькI,гьаьгьаьлоь,кI,0,,ал,гьаьгьаьлоьбаькIал,баь,ийо,чаь,аь,раскалять,,
138,гьаьгьаьлоьлъ,гьаьгьаьлоь,лъ,0,,ал,гьаьгьаьлоьбаьлъал,баь,ийо,чаь,ѳ,раскаляться,,
139,гьаьгьекI,гьаьгье,кI,0,,ал,гьаьгьебакIал,ба,ийо,ца,а,"удивлять, 1) раздвигать (о досках на полу) 2) прорежать",,
140,гьаьгьелъ,гьаьгье,лъ,0,,ал,гьаьгьебалъал,ба,ийо,ца,ѳ,"удивляться, 1) расходиться (о досках на полу)",,
141,гьаьлдоькI,гьаьлдоь,кI,0,,аьл,гьаьлдоьваькIаьл,,ийо,чаь,аь,белить,,
142,гьаьлдоьлъ,гьаьлдоь,лъ,0,,аьл,гьаьлдоьбаьлъал,,ийо,чаь,ѳ,1) становиться белым,,
143,гьаьтек,гьаьте,к,0,,ал,гьаьтебакал,,ийо,ца,ѳ,1) опаздывать,,
144,гьаьтекI,гьаьте,кI,0,,ал,гьаьтебакIал,,ийо,ца,а,замедлять,,
145,гьаьтелъ,гьаьте,лъ,0,,ал,гьаьтебалъал,,ийо,ца,ѳ,1) опаздывать,,
146,гьаᴴвлI,,,0,,ал,,,ойо,ос,а,"однокр. лаять, гавкать",,о
147,гьел,гье,л,0,,ал,гьейалал,,ейо,еш,а,1. вариться,,е
148,гьелейцI,,,0,,ал,,,ийо,йа,ѳ,"вариться (чуть-чуть, слегка)",,й
149,гьелIакI,,,0,,ал,,,ийо,ца,а,"чесать, расчесывать (о шерсти)",,
150,гьелI,гье,лI,0,,ал,гьейалIал,,ейо,еш,е,найти общий язык с кем-л.,,е
151,гьикIлI,,,0,,ал,,,ойо,ос,а,однокр. икнуть,,о
152,гьислI,гьис,лI,0,,ал,гьисбалIал,,ойо,ос,а,1) натравливать (о собаке),,о
153,гьицак,гьица,к,0,,ал,гьицабакал,,ийо,ца,ѳ,"1) подходить близко, приближаться",,
154,гьицакI,гьица,кI,0,,ал,гьицабакIал,,ийо,ца,а,"приближать, продвигать вперед (близко к кому-чему-л.)",,
155,гьицлI,,,0,,ал,,,ойо,ос,а,однокр. чихнуть,,о
156,гьицIакъ,гьицIа,къ,0,,ал,гьицIабакъал,,ойо,ос,о,"пугаться, чувствовать испуг",,о
157,гьицI,гьи,цI,0,,ал,гьийабацIал,,гьичIейо,гьичIеш,гьичIе,бояться,,г
158,гьиᴴлъх,гьиᴴлъ,х,0,,ал,гьиᴴлъбахал,,ойо,ос,о,оставаться,,о
159,гьиᴴхлъ,гьиᴴх,лъ,0,,ал,гьиᴴхбалъал,,ойо,ос,о,оставаться,,о
160,гьиᴴлъхол,гьиᴴлъ,хол,0,,ал,гьиᴴлъбахолал,,ло,ца,а,оставлять,,
161,гьиᴴхлъол,гьиᴴх,лъол,0,,ал,гьиᴴхбалъолал,,ло,ца,а,1) оставлять,,
162,гьоцакI,,,0,,ал,,,ийо,ца,а,делать вонючим,,
163,гьоцалъ,,,0,,ал,,,ийо,ца,ѳ,вонять (о пище),,
164,гьоъ,гьо,ъ,0,,ал,гьоваъал,,ойо,ос,о,мочь поднимать (и нести),,о
165,гьоълIол,гьоъ,лIол,0,,ол,гьоъбалIолал,,ло,ца,а,напоминать (говорить) о необходимости что-л. делать,,
166,гьоъокьак,гьоъокьа,к,0,,ал,гьоъокьабакал,,ийо,ца,ѳ,"1) подняться, приподняться",,
167,гьоъокьакI,гьоъокьа,кI,0,,ал,гьоъокьабакIал,,ийо,ца,а,1) приподнять,,
168,гьоъол,гьо,ъол,0,,ал,гьоваъолал,,ло,ца,а,поднимать,,
169,лоькI,,,0,,аьл,гьоьгьоьлоьбаькIаьл,,ийо,чаь,аь,"1) рыхлить, взрыхлять",,
170,лоьлъ,,,0,,ал,гьоьгьоьлоьбаьлъаьл,,ийо,чаь,ѳ,1) становиться рыхлым (мягким),,
171,гьоьᴴгьоьᴴлI,,,0,,аьл,,,оьйо,оьш,аь,ржать,,оь
172,гьуᴴкьокI,гьу,ᴴкьокI,0,,ал,гьункьобакIал,,ийо,ца,а,"расширять, делать широким или шире, свободным или свободнее",,
173,гьуᴴкьолъ,гьу,ᴴкьолъ,0,,ал,гьункьобалъал,,ийо,ца,ѳ,"расширяться, становиться (стать) широким или шире, свободным или свободнее",,
174,дазлI,даз,лI,0,,ал,дазбалIал,,ойо,ос,о,болеть (о голове),,о
175,дапIлIол,дапI,лIол,0,,ал,дапIпIалIолал,,ийо,ис,а,"бить, колотить",,и
176,далIлIол,да,лIлIол,0,,ал,дапIпIалIолал,,ийо,ис,а,"бить, колотить",,и
177,дахокI,дахо,кI,0,,ал,дахобакIал,,ийо,ца,ѳ,"делать тусклым (слабым, неярким)",,
178,дахолъ,дахо,лъ,0,,ал,дахобалъал,,ийо,ца,ѳ,"стать тусклым (слабым, неярким), тускнеть",,
179,даьгькI,даьгь,кI,0,,аьл,даьгьбаькIаьл,,ийо,ис,аь,уменьшать,,и
180,даьгьлъ,даьгь,лъ,0,,аьл,даьгьбаьлъал,,ийо,ис,и,уменьшаться,,и
181,даьрлI,даьр,лI,0,,аьл,даьрбаьлIаьл,,оьйо,оьш,оь,"много болтать, бесцельно разговаривать",,оь
182,даьхълIоьл,даьхъ,лIоьл,0,,аьл,даьхъбаьлIоьлаьл,,лоь,чаь,аь,1) стучать,,
183,деделIол,деде,лIол,0,,ал,дедейāлIолал,,ло,ца,а,"попрекать, дергать по пустякам, не давать покоя",,
184,дихълIолI,дихъ,лIолI,0,,ал,дихъбалIолал,,ло,ца,а,см. даьхълIаьлаьл,,
185,ди,д,и,0,,ал,дӣсбакIал,,ийо,ис/ца,а,увеличивать в числе,,и
186,ди,д,и,0,,ал,дӣсбалъал,,ийо,ца,ѳ,"расти, увеличиваться",,
187,дохъокI,дохъо,кI,0,,ал,дохъобакIал,,ийо,ца,а,делать смуглым,,
188,дохъолъ,дохъо,лъ,0,,ал,дохъобалъал,,ийо,ца,ѳ,"1) становиться смуглым, смуглеть",,
189,дугълI,дугъ,лI,0,,ал,дугъбалIал,,ойо,ос,о,мутнеть,,о
190,дузлI,дуз,лI,0,,ал,дузбалIал,,ойо,ос,о,"онеметь, отсидеть (о руке, ноге)",,о
191,жажалI,,,0,,ал,,,ойо,ос,о,1) принаряжаться 2) перен. выделяться среди других,,о
192,жапIлI,,,0,,ал,,,ойо,ос,о,"колыхаться, плескаться (о воде)",,о
193,жапIлIол,,,0,,ал,,,ло,ца,а,"колыхать, плескать (о воде)",,
194,жарлI,жар,лI,0,,ал,жарбалIал,,ойо,ос,о,звякать,,о
195,жарлIол,жар,лIол,0,,ал,жарбалIолал,,ло,ца,а,"звякать, издавать звенящий звук",,
196,жоьжх,,,0,,аьл,,,ийо,ис,и,гноиться,,и
197,жуьжкI,жуьж,кI,0,,аьл,жуьжбаькIаьл,,ийо,чаь,аь,отделять,,
198,жуьжлъ,жуьж,лъ,0,,аьл,жуьжбаьлъаьл,,ийо,ис,и,отделяться,,и
199,жуьтIоьл,жуь,тIоьл,0,,аьл,жуьваьтIоьлаьл,,ло,ца,а,"дать простор, приволье",,
200,жуьхъ,жуь,хъ,0,,аьл,жуьваьхъаьл,,ийо,чаь,ѳ,1) учиться играть,,
201,жуьтIоь,,,0,,аьл,жуьтIоьжāьтIал,,ейо,еш,е,тесниться,,е
202,жуьтIоь,,,0,,ал,жуьтIоьжāьтIелал,,ло,ца,а,(по)теснить,,
203,залъ,,,0,,ал,,,ийо,ца,ѳ,остывать,,
204,бо,,,1,,вал,зарзи,,ойо,ос,ва,сильно ударить,,о
205,зиза,з,иза,0,,ал,зазаба/ал,,айо,с,а,1. жариться,,
206,зизилI,зизи,лI,0,,ал,зизибалIал,,ойо,ос,о,дрожать,,о
207,зик,,,0,,ал,жийабакал,,ейо,еш,е,хохотать,,е
208,жик,жи,к,0,,ал,жийабакал,,ейо,еш,е,хохотать,,е
209,зикъ,,,0,,ал,зикъзакъбалIолал,,ло,ца,а,"1) трястись, сотрясать 2) трясти, встряхивать 3) перен. пугать, запугивать, страшить",,
210,зис,зи,с,0,,ал,зийасал,,ийо,ца,а,сунуть,,
211,зихъ,зи,хъ,0,,ал,зийабахъал,,ойо,ос,о,"1) хмуриться, злиться",,о
212,зихъол,зи,хъол,0,,ал,зийабахъолал,,ло,ца,а,"хмурить, злить",,
213,зиъ,зи,ъ,0,,ал,зийаъал,,ойо,ос,о,быть невысоким (низким),,о
214,зиъол,зи,ъол,0,,ал,зийаъолал,,ло,ца,а,делать невысоким (низким),,
215,зогъ,зо,гъ,0,,ал,зовагъал,,ийо,ца,ѳ,"1) находиться, отыскиваться",,
216,зокълIол,зокъ,лIол,0,,ал,зокъбалIолал,,ло,ца,а,"трясти, подбрасывать (при езде на лошади)",,
217,зузуда,,,0,,ал,зузудаба/ал,,айо,с,а,жужжать,,
218,зукъ,зу,къ,0,,ал,зувакъал,,ойо,ос,о,"быть, находиться",,о
219,зукI,зу,кI,0,,ал,зувабакIал,,ийо,ца,а,"бить, колотить",,
220,акI,,,0,,ал,зукI-забāкIал,,ийо,ца,а,встряхивать,,
221,игъ,и,гъ,0,,ал,ийагъал,,ойо,ос,о,заживать,,о
222,игъол,и,гъол,0,,ал,ийагъолал,,ло,ца,а,заживлять,,
223,илIакъ,и,лIакъ,0,,ал,ийалIакъал,,ойо,ос,а,см. йилIакъал,,о
224,илI,и,лI,0,,ал,ийабалIал,,ейо,еш,а,1) звать,,е
225,илIе,,,0,,аьл,,,ейо,еш,аь,"покричать, пошуметь",,е
226,исиъ,иси,ъ,0,,ал,исибаъал,,ийо,ца,а,"1) сеять, просеивать",,
227,итIнокI,итIно,кI,0,,ал,итIнобакIал,,ийо,ца,а,"1) уменьшать, преуменьшать",,
228,итIнолъ,итIно,лъ,0,,ал,итIнобалъал,,ийо,ца,ѳ,1) быть (стать) маленьким н (малым),,
229,ицлокI,ицло,кI,0,,ал,ицлобакIал,,ийо,ца,а,старить,,
230,ицлолъ,ицло,лъ,0,,ал,ицлобалъал,,ийо,ца,ѳ,"стареть, стариться",,
231,ицIкI,ицI,кI,0,,ал,ицIбакIал,,ийо,ис //ца,а,"обновлять, подновлять",,и
232,ицIлъ,ицI,лъ,0,,ал,ицIбалъал,,ийо,ис//-ца,ѳ,обновляться,,и
233,ичела,,,1,й- II,ал,бичелаба/ал,,айо,с,а,"1) очищать, лущить",,
234,иᴴзок,и,ᴴзок,0,,ал,инзобакал,,ийо,ца,ѳ,"1) образоваться куче (стопке) 2) перен. увеличиваться, умножаться",,
235,йнзокI,,,0,,ал,инзобакIал,,ийо,ца,а,1) сложить в кучу (стопку),,
236,и,,,0,,ал,ӣнабакIал,,ийо,ца,а,"уменьшать, убавлять",,
237,и,,,0,,ал,ӣнабалъал,,ийо,ца,ѳ,"уменьшаться, убавляться",,
238,йагъ,,,1,ѳ- I  б- III,ал,бāгъал // йāгъал,,ойо,ос,а,1) снимать (с кого-л. или с себя),,о
239,йагъогь,,,1,ѳ- I  б- III,ал,багъобагьал // йагьобагьал,,ийо,ца,а,косить,,
240,йагъойцI,,,1,ѳ- I  б- III,ал,багъойбацIал // йагъойбацIал,,ийо,ца,ѳ,"1) выниматься, вытаскиваться, извлекаться, выхватываться",,
241,йазихлъ,йазих,лъ,0,,ал,йазихбалъал,,ийо,ис,и,очутиться в бедственном или беспомощном состоянии,,и
242,йакъ,,,1,ѳ- I  б- III,ал,бāкъал//йāкъал,,ойо,ос,а,"принести, привезти",,о
243,йакIих,,,1,ѳ- I,ал,бāкIихал,,ийо,ца,ѳ,злиться,,
244,йатIакъ,,,1,ѳ- I  б- III,ал,батIабакъал // йатIабакъал,,ойо,ос,о,нравиться,,о
245,йатI,,,1,ѳ- I  б- III,ал,бāтIал//йāтIал,,ийо,ца,ѳ,"1) любить, влюбляться",,
246,йахъ,,,1,ѳ- I  б- III,ал,бāхъал // йāхъал,,ийо,ца,ѳ,"1) бывать, случаться",,
247,йаьб,,аьб,1,ѳ- I  б- III,аьл,йāьбал,,ейо,еш,е,1) опухать,,е
248,йаьбел,,аьбел,1,ѳ- I  б- III,ал,йāбелал,,ло,ца,а,вызывать опухание (от укуса и т.п.),,
249,йаьгъ,,,1,ѳ- I  б- III,аьл,бāьгъаьл // йāьгъаьл,,ейо,еш,е,1) расколоться,,е
250,йаьгъел,,,1,ѳ- I  б- III,ал,бāьгъелал // йāьгъелал,,ло,ца,а,колоть,,
251,йаьгъиъ,,,1,ѳ- I  б- III,ал,баьгъбаьъаьл // йаьгъбаьъаьл,,ийо,чаь,ѳ,"1) вставать, подниматься",,
252,йаькъкI,аькъ,кI,1,ѳ- I  б- III,аьл,йаькъбаькIаьл,,ийо,ис/-чаь,аь,"делать тяжелым, утяжелять",,и
253,йаькълъ,,,1,ѳ- I  б- III,аьл,баькъбаьлъаьл//йаькъбаьлъаьл,,ийо,ис/-чаь,и,"1) быть (стать) тяжелым, тяжелеть, утяжеляться",,и
254,йаькь,,аькь,1,ѳ- I  б- III,аьл,йāьбаькьаьл,,ейо,еш,е,"говорить, разговаривать, беседовать",,е
255,йаькьел,,,1,ѳ- I  б- III,ал,бāьбаькьелал // йāьбаькьелал,,ло,ца,а,"1) бить, колотить, пороть, сечь",,
256,йаьх,,,1,ѳ- I  б- III,аьл,бāьхаьл // йāьхаьл,,ейо,еш,е,рваться,,е
257,йаьхел,,аьхел,1,б- III,ал,йāьбаьхелал,,ло,ца,а,1) рвать,,
258,йаьчI,,,0,,ал,баьчI-бихбакIал,,ийо,ис,а,"знобить, лихорадить",,и
259,йаьчI,,,0,,ал,баьчI-бихбалъал,,ийо,ца,ѳ,"1) согреться 2) знобить, лихорадить",,
260,йаьчIкI,,,1,ѳ- I  б- III,аьл,баьчIбаькIаьл // йаьчIбаькIаьл,,ийо,ис // -чаь,аь,охлаждать,,и
261,йаьчIлъ,,,1,ѳ- I  б- III,аьл,баьчIбаьлъаьл // йаьчIбаьлъаьл,,ийо,ис/-чаь,и,"1) мерзнуть, зябнуть",,и
262,йаьлIлI,,,1,ѳ- I  б- III,аьл,баьчIбаьлъаьл // йаьчIбаьлъаьл,,ийо,ис/-чаь,и,"1) мерзнуть, зябнуть",,и
263,йаᴴз,,аᴴз,1,м- III,ал,йāᴴзал,,ойо,ос,о,,,о
264,йаᴴк,,аᴴк,1,ѳ- I  м- III,ал,йāᴴкал,,ийо,ца,а,развязывать,,
265,йаᴴкогь,,,1,ѳ- I  м- III,ал,макобагьал // йанкобагьал,,ийо,ца,а,"1) бить, колотить, лупить 2) натягивать на колодку",,
266,йаᴴкъойцI,аᴴкъой,цI,1,ѳ- I  м- III,ал,йаᴴкъойбацIал // макъойбацIал,,ойо,ос,о,выпрямляться,,о
267,йаᴴкъойцIол,аᴴкъой,цIол,1,ѳ- I  м- III,ал,йаᴴкъойбацIолал // макъойбацIолал,,ло,ца,а,выпрямлять,,
268,йаᴴса,аᴴса,,1,ѳ- I  м- III,ал,йаᴴсаба/ал // масаба/ал,,айо,с,а,1) весить,,
269,йаᴴсолъ,,,1,ѳ- I  м- III,ал,масобалъал,,ийо,ца,ѳ,"закружиться (о голове при виде бездны, высоты)",,
270,йаᴴц,,аᴴц,1,ѳ- I  м- III,ал,йāᴴцал // мāцал,,ойо,ос,о,"1) чиститься, очищаться",,о
271,йаᴴцо,аᴴцо,,1,ѳ- I  м- III,ал,йаᴴцо-йувакал,,ийо,ца,0,1) чиститься,,
272,йаᴴцол,,аᴴцол,1,ѳ- I  м- III,ал,йāᴴбацолал // мāбацолал,,ло,ца,а,чистить,,
273,йаᴴцI,,,0,,ал,мāбацIал,,ойо,ос,о,"светиться перед кем-л., появляться, выделяться",,о
274,йаьᴴхъ,,аьᴴхъ,1,ѳ- I  м- III,аьл,йāьᴴхъаьл,,ейо,еш,аь,шить,,е
275,йаьᴴч,,аьᴴч,1,ѳ- I  м- III,аьл,йāьᴴчаьл // мāьчаьл,,ейо,еш,аь,лизать,,е
276,йаьᴴшекI,аьᴴше,кI,1,ѳ- I  м- III,ал,йаьᴴшебакIал // маьшебакIал,,ийо,ца,а,1) укорачивать,,
277,йаьᴴшелъ,аьᴴше,лъ,1,ѳ- I  м- III,ал,йаьᴴшебалъал // маьшебалъал,,ийо,ца,ѳ,1) быть (стать) коротким или короче,,
278,йегайцI,,,1,ѳ- I  б- III,ал,бегабайцIал,,ийо,ца,ѳ,видеть мельком,,
279,йегал,,,1,ѳ- I  б- III,ал,бегабалал // йегабалал,,ло,ца,а,показывать,,
280,йега,,,1,ѳ- I  б- III,ал,бегаба/ал // йегаба/ал,,айо,с,а,"1) виднеться, быть видным (издалека)",,
281,йегъакI,,,1,ѳ- I  б- III,ал,бегъабакIал // йегъабакIал,,ийо,ца,а,1) выращивать,,
282,йегъ,,,1,ѳ- I  б- III,ал,бейагъал // йейагъал,,ийо,ца,ѳ,драться,,
283,йед,е,д,1,,ал,йейадал,,ийо,ца,ѳ,"1) гаснуть, тухнуть",,
284,йеже,,,1,ѳ- I  б- III,ал,бежебāгъал,,ойо,ос,а,"1) беспокоить, не давать покоя",,о
285,йежейцI,,,1,ѳ- I,ал,бежейбацIал,,ийо,ца,ѳ,(по)хвастаться,,
286,йез,,,1,ѳ- I  б- III,ал,бейазал // йейазал,,йежейо,йежеш,йеза,"водить, носить",,й
287,йек,,,1,ѳ- I  б- III,ал,бейакал // йейакал,,ийо,ца,ѳ,1) падать,,
288,йекI,,,1,ѳ- I  б- III,ал,бейакIал // йейакIал,,ейо,еш,е,1) гореть,,е
289,йекI,е,кI,1,б- III,ал,йейакIал,,ийо,ца,а,"говорить, сказать",,
290,йекIейхъ,,,1,ѳI,ал,бекIейбахъал,,ийо,ца,ѳ,1) сильно согреваться 2) перен. гореть желанием что-л. делать (сказать),,
291,йекIел,,,1,ѳ- I  б- III,ал,бейакIелал // йейакIелал,,ло,ца,а,"1) жечь, сжигать",,
292,йес,,,1,ѳ- I  б- III,ал,бесал // бейасал,,ийо,ца,ѳ,"есть, питаться",,
293,йеш,,,1,ѳ- I  б- III,ал,бесал // бейасал,,ийо,ца,ѳ,1) есть,,
294,йетеницI,,,0,,ал,,,ийо,ца,ѳ,покрываться пятнами (от испуга),,
295,йец,,,1,ѳ- I  б- III,ал,бейацал // йейацал,,йечейо,йечеш,йече,останавливаться,,й
296,йецокьак,,,1,ѳ- I  б- III,ал,бецокьабакал,,ийо,ца,ѳ,"стоять, висеть отвесно, занимать вертикальное положение",,
297,йецокьакI,,,1,ѳ- I  б- III,ал,бецокьабакIал,,ийо,ца,а,поставить вертикально,,
298,йецIиъ,,,0,,ал,,,ийо,ца,а,"веять, очищать от мякины и сора",,
299,йечанней,,,1,ѳ- I  б- III,ал,бечабаннейал // йечабаннейал,,ейо,ес,а,"оставить, оставлять",,е
300,йечел,,,1,ѳ- I  б- III,ал,бейачелал // йейачелал,,ло,ца,а,1) останавливать,,
301,йече,,,1,ѳ- I,аьл,бечехāьлIаьл,,ейо,еш,аь,"оставаться, обосноваться",,е
302,йеᴴгь,еᴴ,гь,1,м- III,ал,йеᴴйагьал,,ейо,еш,а,"открывать, раскрывать, распахивать",,е
303,йеᴴгьейцI,еᴴгьей,цI,1,м- III,ал,йеᴴгьейбацIал,,ийо,ца,ѳ,"1) открываться, раскрываться",,
304,йеᴴгьел,еᴴ,гьел,1,м- III,ал,йеᴴйагьелал,,ийо,ис,а,"открывать, раскрывать, распахивать",,и
305,йеᴴ,,,1,ѳ- I  м- III,йал,мейагьал // йенйагьал,,ейо,еш,йа,1) отпустить: охийо сукIо энйал отпустить задержанного,,е
306,йеᴴкь,еᴴ,кь,1,ѳ- I  м- III,ал,йеᴴйакьал // мейакьал,,ейо,еш,е,"1) идти, ходить",,е
307,йеᴴлъ,еᴴ,лъ,1,ѳ- I  м- III,ал,йеᴴйалъал,,ейо,еш,е,"становиться ровным, выровняться",,е
308,йеᴴлъ,еᴴ,лъ,1,ѳ- I  м- III,ал,йеᴴйалъал // мейалъал,,ейо,еш,е,помещаться,,е
309,йеᴴлъел,еᴴ,лъел,1,ѳ- I  м- III,ал,йеᴴйалъелал // мейалъелал,,ло,ца,а,помещать,,
310,йеᴴтел,еᴴ,тел,1,м- III,ал,йеᴴйателал,,ло,ца,а,съесть много (чего-л.),,
311,йеᴴх,,,1,ѳ- I  м- III,ал,мехал // мейахал,,ейо,еш,е,1) касаться когочего-л.,,е
312,йеᴴхел,еᴴ,хел,1,ѳ- I  м- III,ал,йеᴴйахелал // мейахелал,,ло,ца,а,1. 1) трогать,,
313,йеᴴхетIокI,еᴴхетIо,кI,1,м- III,ал,йеᴴхетIовакIал,,ийо,ца,а,делать липким,,
314,йеᴴхетIолъ,еᴴхетIо,лъ,1,м- III,ал,йеᴴхетIовалъал,,ийо,ца,ѳ,стать липким,,
315,йеᴴхец,,,1,ѳ- I  м- III,ал,мехец-мехал // мехец-мейахал,,ейо,еш,е,"1) коснуться, трогать (чуть-чуть)",,е
316,йеᴴццак,еᴴцца,к,1,ѳ- I  м- III,ал,йеᴴццабакал // меццабакал,,ийо,ца,ѳ,1) вырываться,,
317,йеᴴццакI,еᴴцца,кI,1,ѳ- I  м- III,ал,йеᴴццабакIал // меццабакIал,,ийо,ца,а,отпускать,,
318,йига,ига,,1,,ал,йигаба/ал,,айо,с,а,"соединять две части (доски, бревна)",,
319,йигъа,игъа,,1,,ал,йигъайувакIал,,ийо,ца,ѳ,непер. засучиваться,,
320,йигь,йи,гь,0,,ал,йийагьал,,ийо,ца,ѳ,бродить,,
321,йижейцI,,,1,ѳ- I,ал,бижейбацIал,,ийо,ца,ѳ,хвастаться,,
322,йижекъол,,,1,ѳ- I  б- III,ал,бийажекъолал // йийажекъолал,,ло,ца,а,1) увеличивать,,
323,йижел,,,0,,ал,мн.,,ло,ца,а,1) помогать победить (побеждать) 2) помочь выиграть,,
324,йиз,,,1,ѳ- I  б- III,ал,бийазал,,йижейо,йижеш,йиже,побеждать,,й
325,йий,ий,,1,,ал,йийагьал,,йӣйо,йӣс,йигь,"поспеть, дойти до готовности",,й
326,йикъ,,,1,ѳ- I  б- III,ал,бийакъал // йийакъал,,ейо,еш,е,знать,,е
327,йикъ,и,къ,1,б- III,ал,йийакъал,,ойо,ос,о,"зреть, спеть, стать зрелым (спелым) (о хлебах, о фруктах)",,о
328,йикъел,,,1,ѳ- I  б- III,ал,бийакъелал // йийекъалал,,ло,ца,а,1) узнавать,,
329,йикълаьш,,,1,ѳ- I  б- III,аьл,бикълаьбаьшаьл // йикълаьбаьшаьл,,ейо,еш,е,"говорить, разговаривать",,е
330,йикьакъ,икьа,къ,1,б- III,ал,йикьабакъал,,ойо,ос,о,"кончать, завершать",,о
331,йикь,,,1,ѳ- I  б- III,ал,бийакьал // йийакьал,,ейо,еш,а,1) бросать,,е
332,йикь,,,1,ѳ- I  б- III,ал,бийакьал // йийакьал,,ейо,еш,а,убивать,,е
333,йилIакъ,,,1,ѳ- I  б- III,ал,билIабакъал//йилIабакъал,,ойо,ос,о,"1) закрепляться 2) стать твердым, твердеть",,о
334,йилIакъол,,,1,ѳ- I  б- III,ал,билIабакъолал // йилIабакъолал,,ло,ца,а,"1) крепить, закреплять",,
335,йилIалъ,илIа,лъ,1,ѳ- I  б- III,ал,йилIабалъал,,ийо,ца,ѳ,"1) стать твердым, затвердеть",,
336,йилIк,йилI,к,0,,ал,йилIбакал,,ийо,ис,и,сбежать (о молоке),,и
337,йис,,,1,ѳ- I  б- III,ал,бийасал // йийасал,,йишейо,йишеш,йише,ломаться,,й
338,йитI,,,1,ѳ- I  б- III,ал,бийатIал // йийатIал,,ийо,ца,а,1. делиться,,
339,йитI,итI,,1,битI-мелъал III,ал,йитI-йенйалъал,,ейо,еш,е,"1) стать ровным, разровняться 2) перен. уладиться",,е
340,йитI,итI,,1,битIмелъелал III,ал,йитI-йенйалъелал,,ло,ца,а,"1) делать ровным, разровнять",,
341,йихалокI,,,1,ѳ- I  б- III,ал,бихалобакIал,,ийо,ца,а,1) удлинять,,
342,йихалолъ,,,1,ѳ- I  б- III,ал,бихалобалъал,,ийо,ца,ѳ,1) быть (стать) долгим (длинным),,
343,йихкI,,,1,ѳ- I  б- III,ал,бихбакIал // йихбакIал,,ийо,ис/-ца,а,1) греть,,и
344,йихлъ,,,1,ѳ- I  б- III,ал,бихбалъал // йихбалъал,,ийо,ис/-ца,и,"1) согреться, нагреваться",,и
345,йичел,и,чел,1,б- III,ал,йийачелал,,ло,ца,а,1) лущить,,
346,йиц,,,1,иц-энхал I  бицмехал III,ал,биц-мейахал // йицйенйахал,,ейо,еш,е,раздавиться,,е
347,йиц,,,1,иц-энхелал I  биц-мехелал III,ал,биц-мейахелал // йиц-йенйахелал,,ло,ца,а,раздавить,,
348,йишел,,,1,ѳ- I  б- III,ал,бийашелал // йийашелал,,ло,ца,а,ломать,,
349,йиᴴлIуцI,иᴴлIу,цI,1,ѳ- I  м- III,ал,йиᴴлIубацI,,ийо,ца,ѳ,приклеиваться,,
350,йиᴴс,иᴴ,с,1,ѳ- I  м- III,ал,йиᴴйасал // мийасал,,ойо,ос,а,1. продаваться,,о
351,йиᴴсо,иᴴсо,,1,м- III,аьл,йиᴴсо-хуьваьжаьл,,оьйо,оьш,аь,1. торговаться 2. торговать,,оь
352,йиᴴтел,иᴴ,тел,1,м- III,ал,йиᴴйателал,,ло,ца,а,1) вешать (о белье),,
353,йиᴴхъ,иᴴ,хъ,1,ѳ- I  м- III,ал,йиᴴйахъал // мийахъал,,ойо,ос,о,1) находить,,о
354,йиᴴхъ,иᴴ,хъ,1,м- III,ал,йиᴴйахъал,,ойо,ос,а,"закрывать, затворять",,о
355,йиᴴхъойцI,иᴴхъой,цI,1,м- III,ал,йиᴴхъойбацIал,,ийо,ца,ѳ,1) прикрываться,,
356,йиᴴхъол,иᴴ,хъол,1,ѳ- I  м- III,ал,йиᴴйахъолал // мийахъолал,,ло,ца,а,1) находить,,
357,йиᴴхъол,иᴴ,хъол,1,ѳ- I  м- III,ал,йиᴴйабахъолал // мийабахъолал,,ло,ца,а,хоронить,,
358,йиᴴц,иᴴ,ц,1,ѳ- I  м- III,ал,йиᴴйацал // мийацал,,ойо,ос,а,"1) связать, завязать, обвязать",,о
359,йиᴴъал,иᴴъа,л,1,ѳ- I  м- III,ал,йиᴴъабалал // миъабалал,,ло,ца,а,мочить,,
360,йиᴴъа,иᴴъа,,1,ѳ- I  м- III,ал,йиᴴъаба/ал // миъаба/ал,,айо,с,а,мокнуть,,
361,йо,,,1,ѳ- I  б- III,вал,бовагьал // йовагьал,,ойо,ос,ва,в разн. знач. 1) делать,,о
362,йогицI,,,1,ѳ- I  б- III,ал,богибацIал // йогибацIал,,ийо,ца,ѳ,1) прыгать,,
363,йогъ,,,1,ѳ- I  б- III,ал,бовагъал // йовагъал,,ойо,ос,а,"кормить, давать корм",,о
364,йокч,,,1,ѳ- I  б- III,ал,бовакчал // йовакчал,,ийо,иш,а,"брать, взять, получать",,и
365,йокI,,,1,ѳ- I  б- III,ал,бокIал // бовакIал // йовакIал,,ийо,ца,а,"1) брать, взять",,
366,йокIол,,,1,ѳ- I  б- III,ал,бовакIолал // йовакIолал,,ло,ца,а,1) собирать,,
367,йол,о,л,1,,ал,йовалал,,ло,ца,а,1) молотить,,
368,йолъ,,,1,ѳ- I  б- III,ал,бовалъал // йовалъал,,ойо,ос,о,"1) разойтись, развестись",,о
369,йолъол,,,1,ѳ- I  б- III,ал,бовалъолал // йовалъолал,,ло,ца,а,1) убирать,,
370,йох,,,1,ѳ- I  б- III,ал,бовахал // йовахал,,ийо,ца,а,1) прям. и перен. держать,,
371,йохойцI,,,1,ѳ- I  б- III,ал,бохойбацIал // йохойбацIал,,ийо,ца,ѳ,висеть,,
372,йохол,,,1,ѳ- I  б- III,ал,бовахолал // йовахолал,,ло,ца,а,"вешать, повесить",,
373,йох,,,1,ѳ- I,ал,бохцIовалIал,,ойо,ос,а,считаться с кем-л.,,о
374,йох,,,1,ѳ- I,ал,бохцIовалIолал,,ло,ца,а,"1) уважать, признавать, считать 2) перен. вывести в люди",,
375,йоц,о,ц,1,б- III,ал,йовацал,,ийо,ца,ѳ,меситься,,
376,йоцI,,,1,ѳ- I  б- III,ал,бовацIал // йовацIал,,ийо,ца,ѳ,1) заполняться,,
377,йоцI,,,1,ѳ- I  б- III,ал,бовацIал // йовацIал,,ийо,ца,а,гнать,,
378,йоцI,о,цI,1,ѳ- I  б- III,ал,йовацIал,,ойо,ос,а,1) погашать (задолженность),,о
379,йоъ,,,1,ѳ- I  б- III,ал,боваъал // йоваъал,,ийо,ца,ѳ,"теряться, утрачиваться",,
380,йоъойцI,,,1,ѳ- I  б- III,ал,боъойбацIал // йоъойбацIал,,ийо,ца,ѳ,"погружаться, окунаться",,
381,йоьгъ,,,1,ѳ- I  б- III,аьл,боьгъ-боьваькIаьл // йоьгъ-йоьваькIаьл,,оьйоь,оьш,оь,"1) гнуться, сгибаться",,оь
382,йоьгъ,,,1,ѳ- I  бIII,аьл,боьгъ-боьваькIоьлаьл // йоьгъйоьваькIоьлаьл,,лоь,чаь,аь,"1) гнуть, сгибать 2) мять",,
383,йоькькьаькI,йоькькьаь,кI,0,,аьл,йоькькьаьбаькIаьл,,ийо,чаь,аь,уменьшать,,
384,йоькькьаьлъ,йоькькьаь,лъ,0,,аьл,йоькькьаьбаьлъал,,ийо,чаь,ѳ,уменьшаться,,
385,йоьлI,йоь,лI,0,,аьл,йоьваьлIаьл,,ийо,чаь,аь,"завернуть, заворачивать",,
386,йоьх,оь,х,1,б- III,аьл,йоьваьхаьл,,ийо,чаь,аь,набрать ведром,,
387,йоьч,,,1,ѳ- I  б- III,аьл,боьваьчаьл // йоьваьчаьл,,оьйо,оьш,оь,1) уходить,,оь
388,йоьчIоькI,,,1,ѳ- I  б- III,аьл,боьчIоьбаькIаьл // йоьчIоьбаькIаьл,,ийо,чаь,аь,"1) делать пустым, опорожнять",,
389,йоьчIоьлъ,,,1,ѳ- I  б- III,аьл,боьчIоьбаьлъаьл // йоьчIоьбаьлъаьл,,ийо,чаь,ѳ,"1) стать пустым, пустеть",,
390,йоьш,,,1,ѳ- I  б- III,аьл,боьваьшаьл // йоьваьшаьл,,оьйо,оьш,оь,"1) жиреть, тучнеть",,оь
391,йоьшоьл,,,1,ѳ- I  б- III,аьл,боьваьшоьлаьл // йоьваьшоьлаьл,,лоь,чаь,аь,"делать жирным (тучным,  174 упитанным)",,
392,йоᴴз,оᴴ,з,1,м- III,ал,йоᴴвазал,,ийо,ца,а,собирать,,
393,йоᴴкъ,оᴴ,къ,1,ѳ- I  м- III,ал,йоᴴвакъал // мовакъал,,ойо,ос,о/-а,"1) выйти, выходить",,о
394,йоᴴкъойхъ,оᴴкъой,хъ,1,ѳ- I  м- III,ал,йоᴴкъойбахъал,,ийо,ца,ѳ,"1) дотрагиваться, касаться",,
395,йоᴴкъол,оᴴ,къол,1,ѳ- I  м- III,ал,йоᴴвакъолал,,ло,ца,а,довозить,,
396,йоᴴкьол,,,1,ѳ- I,ал,мовакьолал,,ло,ца,а,1) ощипывать кого-что-л.,,
397,йоᴴс,оᴴ,с,1,м- III,ал,йоᴴвасал // мовасал,,ойо,ос,а,складывать,,о
398,йоᴴс,оᴴ,с,1,м- III,ал,йоᴴвасал,,ойо,ос,а,рушиться,,о
399,йоᴴс,оᴴ,с,1,м- III,ал,йоᴴвасал // мовасал,,ийо,ца,а,"1) преграждать (путь), останавливать",,
400,йоᴴтI,,,1,ѳ- I  м- III,ал,моватIал,,ойо,ос,а,"1) обманывать, надувать",,о
401,йоᴴтI,,,1,м- III,ал,моватIал,,ийо,ца,ѳ,капать,,
402,йоᴴтIо,,,1,ѳ- I  м- III,ал,мотIо-кāтIал,,ойо,ос,а,обжулить,,о
403,йоьᴴваьш,,,0,,аьл,,,ийо,чаь,ѳ,"течь, вытекать",,
404,йоьᴴтI,оьᴴ,тI,1,м- III,аьл,йоьᴴваьтIаьл,,оьйо,оьш,аь,копать,,оь
405,йоьᴴшоьйцI,оьᴴшоьй,цI,1,м- III,ал,йоьᴴшоьйбацIал,,ийо,ца,ѳ,"пороться, распарываться",,
406,йугъ,,,1,ѳ- I  б- III,ал,бувагъал//йувагъал,,ойо,ос,о,скончаться,,о
407,йук,йу,к,0,,ал,йувакал,,ийо,ца,ѳ,линять (о ткани),,
408,йукил,,,1,ѳ- I  б- III,ал,бувакилал // йувакилал,,ло,ца,а,укладывать,,
409,йукъагъāк,,,1,ѳ- I,ал,букъагъабāкал,,ийо,ца,ѳ,"становиться высокомерным, гордым, спесивым",,
410,йукъикIа,,,1,ѳ- I,ал,букъикIаба/ал,,айо,с,а,"жаловаться, выражая обиду на кого-л., обижаться",,
411,йукъкI,,,1,ѳ- I  б- III,ал,букъбакIал // йукъбакIал,,ийо,ис/-ца,177 а,1) растить,,и
412,йукълъ,,,1,0- I  б- III,ал,букъбалъал // йукъбалъал,,ийо,ис/-ца,и //-ѳ,1) расти,,и
413,йукI,у,кI,1,б- III,ал,йувакIал,,ийо,ца,ѳ,ломаться,,
414,йутI,,,1,ѳ- I  б- III,ал,буватIал // йуватIал,,ийо,ца,ѳ,лежать на ч,,
415,йутI,,,1,б- III,ал,буватIал // йуватIал,,ойо,ос,а,"1) дергать, щипать",,о
416,йуьв,,,1,,аьл,,,оьйо,оьш,аь,"жать, собирать урожай ячменя или пшеницы (руками)",,оь
417,йуьв,,,1,ѳ- I  б- III,аьл,буьваьгьаьл // йуьваьгьаьл,,оьйо,оьш,оь,быть (стать) побежденным,,оь
418,йуь,,,1,ѳ- I,ваьл,,,йӯьйоь,йӯьш,йуьвоь,грызть зубами,,й
419,йуьвоьл,,,1,ѳ- I  б- III,аьл,буьваьгьоьлаьл // йуьваьгьоьлаьл,,лоь,чаь,аь,наносить поражение,,
420,йуькь,уь,кь,1,б- III,аьл,йуьваькьаьл,,ийо,чаь,ѳ,1) рваться,,
421,йуьчāьх,,,1,ѳ- I  б- III,аьл,буьчаьбāьхаьл//йуьчаьбāьхаьл,,ейо,еш,е,"спать, засыпать",,е
422,йуьчāьхийцI,,,1,ѳ- I,ал,буьчаьбāьхийцIал,,ийо,ца,ѳ,дремать,,
423,йуьчI,уь,чI,1,ѳ- I  б- III,аьл,йуьваьчIаьл//буьваьчIаьл,,ийо,чаь,аь,1) резать,,
424,йуьчI,,,1,уьчI-аьгъаьл I  буьчI-баьгъаьл III,аьл,буьчIбāьгъаьл//йуьчI-йāьгъаьл,,ейо,еш,е,"различать (написанное, сделанное)",,е
425,йуьчI,,,1,уьчIаьгъелал I  буьчI-баьгъелал III,ал,буьчIбāгъелал,,ло,ца,а,различать,,
426,йуьш,уь,ш,1,б- III,аьл,йуьваьшаьл,,ийо,чаь,ѳ,1) падать,,
427,йуᴴзол,уᴴ,зол,1,ѳ- I  м- III,ал,йуᴴвазолал // мувазолал,,ло,ца,а,"крутить, вращать, кружить",,
428,йуᴴх,уᴴ,х,1,ѳ- I  м- III,ал,йуᴴвахал // мувахал,,ойо,ос,а,резать (скот),,о
429,йуᴴц,уᴴ,ц,1,м- III,ал,йуᴴвацал,,ойо,ос,о,1) таять,,о
430,йуᴴц,уᴴ,ц,1,ѳ- I  м- III,ал,йуᴴвацал // мувацал,,ойо,ос,о,"воровать, красть, похищать",,о
431,йуᴴц,уᴴ,ц,1,ѳ- I  м- III,ал,йуᴴвацал // мувацал,,ойо,ос,о,"1. спрятаться, скрываться",,о
432,къ,,,1,ѳ- I  м- III,аьл,йуьᴴваькъаьл // муьваькъаьл,,оьйо,оьш,оь,гнуться,,оь
433,йуьᴴкъоь,уь,ᴴкъоь,1,уьᴴкъоь-аьᴴкъаьл I  муькъоь-маькъаьл н н III,аьл,йуь къоь-йāь къаьл // муькъоьмāькъаьл,,ейо,еш,е,"складываться, сгибаться-выпрямляться",,е
434,йуьᴴкъоь,уь,ᴴкъоь,1,уьᴴкъоь-аьᴴкъелал I  муькъоь-маькъелал н н III,аьл,йуь къоь-йāь къелал // муькъоьмāькъелаьл,,ийо,ис,а,"складывать, сгибать-выпрямлять",,и
435,йуьᴴкъоьйчI,уьᴴкъоьй,чI,1,ѳ- I  м- III,аьл,йуьᴴкъоьйбаьчIаьл // муькъоьйбаьчIаьл,,ийо,чаь,ѳ,"1) нагибаться, сгибаться",,
436,йуьᴴкъоьл,уьᴴ,къоьл,1,ѳ- I  м- III,аьл,йуьᴴваькъоьлаьл // муьваькъоьлаьл,,лоь,чаь,аь,гнуть,,
437,йуьᴴлъ,уьᴴ,лъ,1,ѳ- I  м- III,аьл,йуьᴴваьлъаьл // муьваьлъаьл,,ийо,чаь,ѳ,"становиться сухим, вытереться",,
438,йуьᴴхоьлъ,,,1,ѳ- I,аьл,мухоьбаьлъаьл,,ийо,чаь,ѳ,начинаться чемул.,,
439,йуьᴴхъ,уь,ᴴхъ,1,ѳ- I  м- III,аьл,йуьнваьхъаьл // муьваьхъаьл,,ийо,чаь,аь,"есть, питаться",,
440,йуьᴴхъ,уь,,1,,ал,,,ойо,ос,а,"питаться (букв. кушать, есть-пить)",,о
441,йуьᴴхъаьл,уь,,1,,ал,,,ойо,ос,а,"питаться (букв. кушать, есть-пить)",,о
442,какалокI,какало,кI,0,,ал,какалобакIал,,ийо,ца,а,скоблить,,
443,какалолъ,какало,лъ,0,,ал,какалобалъал,,ийо,ца,ѳ,"стать (быть) обтесанным, (соскобленным)",,
444,карлIол,кар,лIол,0,,ал,карбалIолал,,ло,ца,а,облизывать,,
445,ках,к,ах,0,,ал,кāхал,,ийо,ца,а,"1) массажировать, массировать",,
446,каьмаь,,,0,,аьл,,,аьйо,ш,аь,плесневеть,,
447,каьмāьлъ,,,0,,аьл,,,ийо,чаь,ѳ,начинать плесневеть,,
448,каьчекI,каьче,кI,0,,ал,каьчебакIал,,ийо,ца,а,делать светлым,,
449,каьчелъ,каьче,лъ,0,,ал,каьчебалъал,,ийо,ца,а,1) светать,,
450,келекI,кел,екI,0,,ал,келабакIал,,ийо,ца,а,1) изнашивать до ветхости,,
451,келелъ,келе,лъ,0,,ал,келебалъал,,ийо,ца,ѳ,"ветшать, становиться ветхим, приходить в ветхость",,
452,кес,ке,с,0,,ал,кейасал,,кешейо,кешеш,кеса,разматывать,,к
453,кешдокI,кешдо,кI,0,,ал,кешдобакIал,,ийо,ца,а,"1) делать пестрым, пестрить",,
454,кешдолъ,кешдо,лъ,0,,ал,кешдобалъал,,ийо,ца,ѳ,"1) становиться пестрым, пестреть",,
455,кеше,кеш,е,0,,аьл,кеша-йоьнваьшаьл,,оьйо,оьш,оь,1) распускаться,,оь
456,кешейцI,кешей,цI,0,,ал,кешейбацIал,,ийо,ца,ѳ,распускаться,,
457,кик,,,0,,ал,,,ийо,ца,ѳ,"размягчаться, смягчаться (о соломе при молотьбе)",,
458,киккI,кик,кI,0,,ал,кикбакIал,,ийо,ис/ца,а,"облегчать, делать легким или легче",,и
459,киклъ,кик,лъ,0,,ал,кикбалъал,,ийо,ис/-ца,ѳ,быть (стать) легким или легче,,и
460,китā,,,0,,л,,,ро,ц,ø,стать мозолистым с болячками (от физического труда) (хаш.),,ц
461,кодокI,кодо,кI,0,,ал,кодобакIал,,ийо,ца,а,отращивать (о волосах)  мед.  192,,
462,кодолъ,кодо,лъ,0,,ал,кодобалъал,,ийо,ца,ѳ,обрастать,,
463,колI,,,0,,аьл,,,оьйо,оьш,оь,темнеть,,оь
464,колIкI,колI,кI,0,,ал,колIбакIал,,ийо,ис/ца,а,темнить,,и
465,колIлI,,,0,,ал,,,ийо,ис,и,"темнеть, стать темными или темнее, темнеться",,и
466,коᴴлI,,,0,,ал,,,ойо,ос,а,"выть, поднять вой, бацIи конлъос волк воет",,о
467,кук,ку,к,0,,ал,кувакал,,ойо,ос,а,"твердить одно и то же, говорить все время о чем-то",,о
468,кусуъ,кусу,ъ,0,,ал,кусубаъал,,ийо,ца,а,"1) брить, бриться",,
469,куьчдоьлъ,куьчдоь,лъ,0,,аьл,куьчдоьбаьлъаьл,,ийо,чаь,ѳ,смотреть угрожающе (агрессивно),,
470,куьшлI,,,0,,аьл,,,оьйо,оьш,оь,порошить,,оь
471,къапIлI,къапI,лI,0,,ал,къапIбалIал,,ойо,ос,о,ругаться,,о
472,къарлI,къар,лI,0,,ал,къарбалIал,,ойо,ос,о,"бурчать, урчать",,о
473,къацIок,къацIо,к,0,,ал,къацIобакал,,ийо,ца,ѳ,"собираться, сходиться",,
474,къацIокI,къацIо,кI,0,,ал,къацIобакIал,,ийо,ца,а,собирать кого-что-л. в одном месте (в одну кучу),,
475,къаькъаьлоькI,къаькъаьлоь,кI,0,,аьл,къаькъаьлоьбаькIаьл,,ийо,чаь,аь,делать худым (тощим),,
476,къаькъаьлоьлъ,къаькъаьлоь,лъ,0,,аьл,къаькъаьлоьбаьлъаьл,,ийо,чаь,ѳ,"худеть, быть (стать) худым (худощавым)",,
477,къаьлIлI,къ,аьлIлI,0,,аьл,къāьлIлIаьл,,оьйо,оьш,аь,тесать,,оь
478,къаьтлI,къ,аьтлI,0,,аьл,къāьлIлIаьл,,оьйо,оьш,аь,тесать,,оь
479,къаьтекI,къаьте,кI,0,,ал,къаьтебакIал,,ийо,ца,а,складывать (сложить) аккуратно,,
480,къаьшиндокI,,,0,,ал,,,ийо,ца,а,делать хрустящим (хрустким),,
481,къаьшиндолъ,,,0,,ал,,,ийо,ца,ѳ,"становиться хрустящим, хрустеть",,
482,къāцI,,,0,,ал,,,ийо,ца,а,есть большими порциями (много),,
483,къекъекI,къекъе,кI,0,,ал,къекъебакIал,,ийо,ца,а,расширять что-л.,,
484,къекъелъ,къекъ,елъ,0,,ал,къекъабалъал,,ийо,ца,ѳ,расширяться,,
485,къелI,,,0,,ал,,,ейо,еш,а,"напиваться, много пить чего-л.",,е
486,къикъилI,къикъи,лI,0,,ал,къикъибалIал,,ойо,ос,о,1) дрожать,,о
487,къикъилIол,къикъи,лIол,0,,ал,къикъибалIолал,,ло,ца,а,1) дрожать 2) перен. пугать,,
488,къисбалI,,,0,,ал,,,ойо,ос,ѳ,мн. скрипеть,,о
489,къисбалIол,,,0,,ал,,,ло,ца,а,"мн. скрипеть, скрежетать",,
490,къицIкI,къицI,кI,0,,ал,къицIбакIал,,ийо,ис//-ца,а,"1) делать ровным, разровнять",,и
491,къицIлъ,къицI,лъ,0,,ал,къицIбалъал,,ийо,ис//-ца,и,"1) стать ровным, выровняться",,и
492,къокъ,къо,къ,0,,ал,къовакъал,,ойо,ос,о,1) портиться,,о
493,къокъол,къо,къол,0,,ал,къовакъолал,,ло,ца,а,"портить, гноить что-л.",,
494,къокъолIол,къокъо,лIол,0,,ал,къокъобалIолал,,ло,ца,а,гоняться за курицей (о петухе),,
495,къолI,,,0,,ал,,,ойо,ос,а,толкать,,о
496,къоькъилокI,,,1,аьл,къоькъилобакIал,ийо,,ца,а,делать жестким,,,а
497,къоькълоькI,къоькъ,лоькI,0,,аьл,къоькъилобакIал,,ийо,ца,а,делать жестким,,
498,къоькъилолъ,,,1,ал,къоькъилобалъал,ийо,,ца,ѳ,стать (становиться) жестким,,,ѳ
499,къоькълоьлъ,къоькъ,лоьлъ,0,,аьл,къоькъилобалъал,,ийо,ца,ѳ,стать (становиться) жестким,,
500,къоьпIлIоьл,,,0,,аьл,,,лоь,чаь,аь,"стучать, ударять",,
501,къоьрлIоьл,къоьр,лIоьл,0,,аьл,къоьрбаьлIоьлаьл,,лоь,чаь,аь,"издеваться, обижать, глумиться",,
502,къукъ,къу,къ,0,,ал,къувакъал,,ойо,ос,а,1) тереть,,о
503,къуькъ,къуь,къ,0,,аьл,къуьваькъаьл,,оьйо,оьш,аь,"трамбовать, запихивать",,оь
504,келекI,к,елекI,0,,ал,кьакьалобакIал,,ийо,ца,а,делать ветхим,,
505,кьакьалолъ,кьакьало,лъ,0,,ал,кьакьалобалъал,,ийо,ца,ѳ,"быть (стать) ветхим, обветшать (об одежде), изнашиваться",,
506,кьаълI,кьаъ,лI,0,,ал,кьаъбалIал,,ойо,ос,о,"скрипеть (о бревнах, качелях)",,о
507,кьаьйкъ,кьаьй,къ,0,,аьл,кьаьйбаькъаьл,,ейо,еш,е,сесть (на лошадь),,е
508,кьаькълIоьл,кьаькъ,лIоьл,0,,аьл,кьаькъбаьлIоьлаьл,,лоь,чаь,аь,"издавать звук хлопка, хлопнуть",,
509,кьаьпIлIоьл,,,0,,аьл,,,лоь,чаь,аь,чавкать,,
510,кьаьхъ,кь,аьхъ,0,,аьл,кьāьбаьхъаьл,,ейо,еш,аь,"крыть, накладывать кровлю",,е
511,кьекъ,кье,къ,0,,ал,кьейакъал,,ейо,еш,а,шить иголкой,,е
512,кьибелдокI,,,0,,ал,,,ийо,ца,а,строить наподобие сарая (сеновала),,
513,кьисайугъ,,,0,,ал,,,ойо,ос,о,закончить (завершить) тянуть (тащить)  что-л.,,о
514,кьиса,,,0,,ал,кьисаба/ал,,айо,с,ѳ,"1) в разн. знач. тянуть, тащить когочто-л.",,
515,кьисйагъ,,,0,,ал,,,ойо,ос,а,тянуть (резко),,о
516,кьихокI,кьихо,кI,0,,ал,кьихобакIал,,ийо,ца,а,"делать полувлажным (полусухим, сырым)",,
517,кьихокI,кьихо,кI,0,,ал,кьихобакIал,,ийо,ца,а,"делать гибким, эластичным 1",,
518,кьихолъ,кьихо,лъ,0,,ал,кьихобалъал,,ийо,ца,ѳ,быть (стать) полувлажным (полусухим),,
519,кьихолъ,кьихо,лъ,0,,ал,кьихобалъал,,ийо,ца,ѳ,"быть (стать) гибким, эластичным",,
520,кьичIел,кьи,чIел,0,,ал,кьийачIелал,,ло,ца,а,1) допускать или делать дефекты при вязании,,
521,кьоддāк,кьодд,āк,0,,ал,кьоддабāкал,,ийо,ца,ѳ,"1) подниматься (с места) 2) подниматься, повышаться (о цене)",,
522,кьоддāкI,кьодд,āкI,0,,ал,кьоддабāкIал,,ийо,ца,а,1) поднимать что-л.,,
523,кьодок,кьодо,к,0,,ал,кьодобакал,,ийо,ца,ѳ,залезать на что-л.,,
524,кьодокI,кьодо,кI,0,,ал,кьодобакIал,,ийо,ца,а,помочь (способствовать) залезать на что-л.,,
525,кьололъ,кьоло,лъ,0,,ал,кьолобалъал,,ийо,ца,ѳ,"быть (стать) глупым, глупеть",,
526,кьоькь,кьоь,кь,0,,аьл,кьоьваькьаьл,,ийо,чаь,ѳ,1) взрываться,,
527,кьулъ,,,0,,ал,,,иро,ца,ѳ,"объедаться, переедать (хаш.)",,
528,кьухъ,кьу,хъ,0,,ал,кьувахъал,,ийо,ца,ѳ,"подходить, оказаться удобным, приемлемым для кого-чего-л.",,
529,кIакIалокI,кIакIало,кI,0,,ал,кIакIалобакIал,,ийо,ца,а,1) делать гладким (ровным),,
530,IакIалолъ,,,0,,ал,кIакIалобалъал,,ийо,ца,ѳ,1) быть (стать) гладким (ровным),,
531,кIалI,кI,алI,0,,ал,кIāлIал,,ойо,ос,о,отделяться (жидкости от гущи),,о
532,кIатIокI,кIатIо,кI,0,,ал,кIатIобакIал,,ийо,ца,а,"подрезать, подрезывать, укорачивать",,
533,кIатIолъ,кIатIо,лъ,0,,ал,кIатIобалъал,,ийо,ца,ѳ,"становиться короче, укорачиваться",,
534,кIаълI,Iаъ,лI,1,,ал,кIаъбалIал,,ойо,ос,а,однокр. визжать (о собаке),,о
535,кIаьйлI,кIаьй,лI,0,,аьл,кIаьйбаьлIаьл,,оьйо,оьш,оь,"1) вращаться, крутиться, вертеться",,оь
536,кIаьйлIоьл,кIаьй,лIоьл,0,,аьл,кIаьйбаьлIоьлаьл,,лоь,чаь,аь,"1) крутить, вращать",,
537,кIекIекI,кIекIе,кI,0,,ал,кIекIебакIал,,ийо,ца,а,"1) гнать, разгонять",,
538,кIекIелъ,кIекIе,лъ,0,,ал,кIекIебалъал,,ийо,ца,ѳ,1) разбегаться,,
539,кIемжел,,,0,,ал,,,ло,ца,а,"завивать кудри, делать завивку",,
540,кIемлIол,,,0,,ал,,,ло,ца,а,сучить,,
541,кIетIкI,кIетI,кI,0,,ал,кIетIбакIал,,ийо,ис//-ца,а,"1) улучшать, украшать",,и
542,кIетIлъ,кIетI,лъ,0,,ал,кIетIбалъал,,ийо,ис//-ца,и,"1) быть (стать) хорошим, доброжелательным (добрым)",,и
543,кIийекI,кIийе,кI,0,,ал,кIийебакIал,,ийо,ца,а,гнуть,,
544,кIийелъ,кIийе,лъ,0,,ал,кIийебалъал,,ийо,ца,ѳ,гнуться,,
545,кIиса,,,0,,ал,кIисаба/ал,,айо,с,а,"играть, резвиться, забавляться",,
546,кIокьалъ,кIокьа,лъ,0,,ал,кIокьабалъал,,ийо,ца,ѳ,вспоминать,,
547,кIокI,кIо,кI,0,,ал,кIовакIал,,ойо,ос,о,1) болеть,,о
548,кIомбакIол,,,0,,ал,,,ло,ца,ла,"собирать, скапливать в одну кучу кого-  чего-л.",,
549,кIорлI,кIор,лI,0,,ал,кIорбалIал,,ойо,ос,о,"почувствовать привязанность, привязаться к кому-л.",,о
550,кIорлIол,кIор,лIол,0,,ал,кIорбалIолал,,ло,ца,а,брать (взять) с собой всюду,,
551,кIох,кIо,х,0,,ал,кIовахал,,ийо,ца,ѳ,брезговать,,
552,кIоьхдоькI,кIоьхдоь,кI,0,,аьл,кIоьхдоьбаькIаьл,,ийо,чаь,аь,"делать горбатым (согнутым, крючкообразным)",,
553,кIоьхдоьлъ,кIоьхдоь,лъ,0,,аьл,кIоьхдоьбаьлъаьл,,ийо,чаь,ѳ,"быть (стать) горбатым (согнутым, крючкообразным)",,
554,кIукIулI,кIукIу,лI,0,,ал,кIукIубалIал,,ойо,ос,о,"ходить (вертеться, носиться) вокруг кого-л.",,о
555,кIуьч,кIуь,ч,0,,аьл,кIуьваьчаьл,,оьйо,оьш,аь,"1) отбивать (лезвие косы, серпа)",,оь
556,лалалI,,,0,,ал,,,ойо,ос,а,однокр. крикнуть (громко),,о
557,лалалIо,,,0,,аьл,,,ейо,еш,аь,1) орать,,е
558,лапIлI,лапI,лI,0,,ал,лапIбалIал,,ойо,ос,о,"однокр. 1) шататься, покачиваться",,о
559,лапIлIол,лапI,лIол,0,,ал,лапIбалIолал,,ийо,ис//-ца,а,"шатать, покачивать",,и
560,лахлI,лах,лI,0,,ал,лахбалIал,,ойо,ос,о,"однокр. 1) двигаться, трогаться 2) сдвигаться 3) шевелиться",,о
561,лахлIол,лах,лIол,0,,ал,лахбалIолал,,ло,ца,а,1) качать,,
562,лаькълI,лаькъ,лI,0,,аьл,лаькъбаьлIаьл,,оьйо,оьш,оь,"качаться, шататься",,оь
563,лаькълIоьл,лаькъ,лIоьл,0,,аьл,лаькъбаьлIоьлаьл,,лоь,чаь,аь,"качать, шатать",,
564,лаьхъдоькI,лаьхъдоь,кI,0,,аьл,лаьхъдоьбаькIаьл,,ийо,чаь,аь,делать хромым,,
565,лаьхъдоьлъ,лаьхъдоь,лъ,0,,ал,лаьхъдоьбаьлъал,,ийо,чаь,ѳ,"становиться хромым, хромать, охрометь",,
566,лолдокI,лолдо,кI,0,,ал,лолдобакIал,,ийо,ца,а,хмурить,,
567,лолдолъ,лолдо,лъ,0,,ал,лолдобалъал,,ийо,ца,ѳ,"1) быть (стать) плутоватым, вороватым 2) перен. измениться под влиянием алкоголя (о поведении)",,
568,лъахдокI,лъахдо,кI,0,,ал,лъахдобакIал,,ийо,ца,а,делать серым,,
569,лъахдолъ,лъахдо,лъ,0,,ал,лъахдобалъал,,ийо,ца,ѳ,"стать (становиться) серым, сереть",,
570,лъакъекI,лъакъе,кI,0,,ал,лъакъебакIал,,ийо,ца,а,"вызвать гнев, гневить",,
571,лъакъелъ,лъакъе,лъ,0,,ал,лъакъебалъал,,ийо,ца,ѳ,гневаться,,
572,лъекъелъ,лъ,екъелъ,0,,ал,лъакъебалъал,,ийо,ца,ѳ,гневаться,,
573,лъаьлъаьлI,лъаьлъаь,лI,0,,аьл,лъаьлъаьбаьлIаьл,,оьйо,оьш,оь,"однокр. дергаться, валяться, биться (на полу)",,оь
574,лъепIлI,лъепI,лI,0,,ал,лъепIбалIал,,ойо,ос,о,однокр. всхлипнуть,,о
575,лъехъ,лъ,ехъ,0,,ал,лъайахъал,,ейо,еш,е,наказывать,,е
576,лъиби,,,0,,аьл,,,ийо,ца,аь,"снимать, удалять грязь (с рук, с одежды), очищать грязь путем обтирания",,
577,лъиз,лъи,з,0,,ал,лъийазал,,ийо,ца,ѳ,"запутываться, спутываться",,
578,лъийацI,лъийа,цI,0,,ал,лъийабацIал,,ийо,ца,ѳ,купаться,,
579,лъикекI,,,0,,ал,,,ийо,ца,а,делать водянистым (жидким),,
580,лъикекI,,,0,,ал,,,ийо,ца,а,"учить наизусть, зубрить",,
581,лъикелъ,,,0,,ал,,,ийо,ца,ѳ,"стать (становиться) водянистым, жидким",,
582,лъикелъ,,,0,,ал,,,ийо,ца,ѳ,"знать хорошо, хорошо выучить (вызубрить)",,
583,лъикъ,лъи,къ,0,,ал,лъийабакъал,,ойо,ос,о,1) кончаться,,о
584,лъикъол,лъи,къол,0,,ал,лъийакъолал,,ло,ца,а,1) доводить до конца,,
585,лъикI,лъи,кI,0,,ал,лъийакIал,,ойо,ос,а,"загородить, перегородить",,о
586,лъилъ,лъи,лъ,0,,ал,лъийалъал,,ийо,ца,а,1) жевать,,
587,лъис,лъи,с,0,,ал,лъийасал,,лъишейо,лъишеш,лъише,гореть,,л
588,лъис,лъи,с,0,,ал,лъийасал // лъийабасал,,лъишейо,лъишеш,лъише,приклеиваться,,л
589,лъицI,лъи,цI,0,,ал,лъийацIал,,лъичIейо,лъичIеш,лъицIа,надевать,,л
590,лъицI,лъи,цI,0,,ал,лъийацIал,,ийо,ца,ѳ,1) лаять,,
591,лъицI,лъи,цI,0,,ал,лъийацIал,,ийо,ца,ѳ,"перемешиваться, смешиваться",,
592,лъицIгул,,,0,,ал,,,ло,ца,а,натравить собаку (хаш.),,
593,лъичI,,,0,,ал,лъичI-хоьваьчIаьл,,ийо,чаь,ѳ,"смешиваться, перемешиваться",,
594,лъишел,лъи,шел,0,,ал,лъийашелал,,ло,ца,а,"зажигать, разжигать",,
595,лъишел,лъи,шел,0,,ал,лъийашелал,,ло,ца,а,1) приклеивать,,
596,лъогьо,,,0,,ал,лъогьогъаьжебалъал,,ийо,ца,ѳ,смеяться,,
597,лъолъкьакI,лъолъкьа,кI,0,,ал,лъолъкьабакIал,,ийо,ца,а,"вспоминать, припоминать",,
598,лъолъолI,лъолъо,лI,0,,ал,лъолъобалIал,,ойо,ос,о,"еле удержаться на ногах (от испуга, болезни)",,о
599,лъорелл,,,0,,ал,,,ийо,ис,а,хлебать (чаще всего кашу),,и
600,лъутI,лъу,тI,0,,ал,лъуватIал,,ойо,ос,а,кроить,,о
601,лъуьълI,лъуьъ,лI,0,,аьл,лъуьъбаьлIаьл,,оьйо,оьш,оь,1) просыпаться,,оь
602,лъуьълIоьл,лъуьъ,лIоьл,0,,аьл,лъуьъбаьлIоьлаьл,,лоь,чаь,аь,будить,,
603,лIагьикIа,,,0,,ал,лIагьикIаба/ал,,айо,с,а,подслушивать,,
604,лIанокI,лIано,кI,0,,ал,лIанобакIал,,ийо,ца,а,"делать редким, разрежать, прорежать",,
605,лIанолъ,лIано,лъ,0,,ал,лIанобалъал,,ийо,ца,ѳ,"быть (стать) редким (негустым), разрежаться, прорежаться",,
606,лIах,лI,ах,0,,ал,лIāхал,,ийо,ца,а,"расчесывать, причесывать",,
607,лIахлI,лIах,лI,0,,ал,лIахбалIал,,ойо,ос,о,"расчесывать, причесывать",,о
608,лIахлI,,,0,,ал,,,ойо,ос,а,1. царапаться,,о
609,лIахлIол,лIах,лIол,0,,ал,лIахбалIолал,,ло,ца,а,царапать,,
610,лIаьмекI,лIаьме,кI,0,,ал,лIаьмебакIал,,ийо,ца,а,"1) делать тонким (или тоньше), утончать",,
611,лIаьмелъ,лIаьме,лъ,0,,ал,лIаьмебалъал,,ийо,ца,ѳ,"1) быть (стать) тонким (или тоньше), утончаться 2) перен. быть (стать) худым, худеть",,
612,лIеᴴйаᴴ,лIе,ᴴйаᴴ,0,,анл,лIенйабāл,,айо,с,а,"пускать газ, освобождать кишечник от газов, пукать",,
613,лIийок,лIийо,к,0,,ал,лIийобакал,,ийо,ца,ѳ,1) прыгать,,
614,лIийокI,лIийо,кI,0,,ал,лIийобакIал,,ийо,ца,а,спешивать,,
615,лIилмак,,,0,,ал,,,ийо,ца,ѳ,наступить (о зиме),,
616,лIилмакI,,,0,,ал,,,ийо,ца,а,перех. от лIилмакал,,
617,лIирах,лIира,х,0,,ал,лIирабахал,,оро,оц,-о,"1) бегать, бежать",,о
618,лIирāх,лIир,āх,0,,ал,лIирабāхал,,ойо,ос,о,"бегать, заниматься беготней, носиться, суетиться",,о
619,лIиᴴй,лIи,ᴴй,0,,ал,лIинйагьал,,ойо,ос,а,запрягать,,о
620,лIидāк,лIид,āк,0,,ал,лIидабāкал//лIийодабāкал,,ийо,ца,ѳ,1) спускаться вниз 2) снижаться (о цене) 3) приседать,,
621,лIийодāк,лIи,йодāк,0,,ал,лIидабāкал//лIийодабāкал,,ийо,ца,ѳ,1) спускаться вниз 2) снижаться (о цене) 3) приседать,,
622,лIидāкI,лIид,āкI,0,,ал,лIидабāкIал//лIийодабāкIал,,ийо,ца,а,1) опускать,,
623,лIобакьак,,,0,,ал,,,ийо,ца,ѳ,наступить (об обеденном времени),,
624,лIобакьакI,,,0,,ал,,,ийо,ца,а,перех. от лIобакьакал,,
625,лIокъакI,,,0,,ал,,,ийо,ца,а,делать плесневелым,,
626,лIокъалъ,,,0,,ал,,,ийо,ца,ѳ,плесневеть,,
627,лIолIогъак,лIолIо,гъак,0,,ал,лIолIовагъакал,,ийо,ца,а,приоткрываться,,
628,лIолIогъакI,лIолIо,гъакI,0,,ал,лIолIовагъакIал,,ийо,ца,а,приоткрывать,,
629,лIуьхдоьбаькI,,,0,,аьл,,,ийо,ца,а,"хмуриться, нахмуриваться",,
630,лIуьш,лIуь,ш,0,,аьл,лIуьваьшаьл,,ийо,чаь,аь,"рел. уст. читать молитву от сглаза, лечить заговором от дурного глаза, заговаривать",,
631,лIуьх,лIуь,х,0,,аьл,лIуьваьхаьл,,оьйо,оьш,оь,"1) удавиться, задушиться 2) задыхаться",,оь
632,лIуьх,лIуь,х,0,,аьл,лIуьваьхаьл,,ийо,чаь,аь,"1) ковыряться, копаться в ч",,
633,малъикIа,,,0,,ал,малъикIаба/ал,,айо,с,а,"помышлять, намереваться",,
634,мамалилдолъ,мамалилдо,лъ,0,,ал,мамалилдовалъал,,ийо,ца,ѳ,1) петушиться 2) перен. пререкаться 3) перен. возгордиться,,
635,марчIокIокI,,,0,,ал,,,ийо,ца,а,перех. от марчIокIолъал,,
636,марчIокIолъ,,,0,,ал,,,ийо,ца,ѳ,"смеркаться, вечереть",,
637,маьтIаькI,аьтIаь,кI,1,,аьл,маьтIаьбаькIаьл,,иро,чаь,аь,увеличивать (тляд.),,
638,маьтIаьлъ,аьтIаь,лъ,1,,аьл,маьтIаьбаьлъал,,иро,чаь,ѳ,увеличиваться,,
639,маьтIи,аьтI,и,1,,о,маьтIаьбаьлъал,,иро,чаь,ѳ,бот. разновидность колючего кустарника,,
640,мезла,,,0,,ал,,,айо,с,а,редко капризничать,,
641,мел,,,0,,ал,,,ейо,еш,а,соединять,,е
642,мет,,,0,,ал,,,ейо,еш,е,подходить (об одежде),,е
643,мизагъ,,,0,,ал,,,ийо,ца,а,покрывать плоскую крышу землей,,
644,милажейцI,,,0,,ал,,,ийо,ца,ѳ,"чутьчуть (слегка) замерзнуть, покрыться тонким слоем льда",,
645,мим,,,0,,ал,мим-момдаба/ал,,айо,с,а,издавать глухие звуки (о медведе),,
646,мискиндокI,мискиндо,кI,0,,ал,мискиндобакIал,,ийо,ца,а,"делать бедным, обеднять",,
647,мискиндолъ,мискиндо,лъ,0,,ал,мискиндобалъал,,ийо,ца,ѳ,"стать бедным, беднеть",,
648,мисовāхъ,ис,овāхъ,1,,о,мискиндобалъал,,ийо,ца,ѳ,песчаное место,,
649,мозлI,,,0,,ал,,,ойо,ос,о,бормотать что-то невнятное,,о
650,мозордолъ,,,0,,ал,,,ийо,ца,ѳ,"злиться, делать злой взгляд (лицом)",,
651,мокь,о,кь,1,,ал,мовакьал,,ойо,ос,о,линять,,о
652,мокьол,о,кьол,1,,ал,мовакьолал,,ло,ца,а,ощипывать кого-что-л.,,
653,морлI,,,0,,ал,,,ойо,ос,а,"однокр. 1) бормотать 2) грубить, грубо отвечать",,о
654,муьжоькI,,,0,,аьл,,,ийо,чаь,аь,делать прогорклым,,
655,муьжоьлъ,,,0,,аьл,,,ийо,чаь,ѳ,прогоркнуть,,
656,наьчIлIоьл,,,0,,аьл,,,ло,ца,а,чавкать,,
657,негълI,негъ,лI,0,,ал,негъбалIал,,ойо,ос,о,капризничать,,о
658,нен,е,н,1,,е,негъбалIоллал,,ийо,ис,а,анат. 1) грудь (женская),,и
659,низа,,,0,,ал,низаба/ал,,айо,с,а,1) мыть,,
660,нийакI,нийа,кI,0,,ал,нийабакIал,,ийо,ца,а,"делать сладким, подслащивать",,
661,нийалъ,нийа,лъ,0,,ал,нийабалъал,,ийо,ца,ѳ,"быть (стать) сладким, подслащиваться",,
662,никъакI,,,0,,ал,,,ийо,ца,а,делать горьким,,
663,никъалъ,,,0,,ал,,,ийо,ца,ѳ,"стать горьким, горчить",,
664,нилI,ни,лI,0,,ал,нийалIал,,ийо,ца,а,"1) давать, отдавать",,
665,нилIйугъ,,,0,,ал,,,ойо,ос,о,успеть давать,,о
666,нис,ни,с,0,,ал,нийасал,,ойо,ос,а,"1) говорить, сказать",,о
667,нисдāк,,,0,,ал,,,ийо,ца,ѳ,вечереть,,
668,нисдāкI,,,0,,ал,,,ийо,ца,а,перех. от нисдāкал,,
669,нисойугъ,,,0,,ал,,,ойо,ос,о,успеть сказать,,о
670,нисол,ни,сол,0,,ал,нийасолал,,ло,ца,а,1) спрашивать,,
671,нисол,,,0,,ал,,,ейо,еш,а,"расспрашивать, выспрашивать",,е
672,ничдокI,ничдо,кI,0,,ал,ничдобакIал,,ийо,ца,а,1) делать голубым 2) перен. поставить синяки (на теле),,
673,ничдолъ,ничдо,лъ,0,,ал,ничдобалъал,,ийо,ца,ѳ,1) голубеть,,
674,нишек,,,0,,ал,,,ийо,ца,ѳ,наступить (о ночи),,
675,нишекI,,,0,,ал,,,ийо,ца,а,перех. от нишекал,,
676,нохъ,,охъ,1,нихъал II  нухъал III,ал,нувабахъал,,ийо,ца,ѳ,"просить, молить, умолять",,
677,нук,ну,к,0,,ал,нувабакал,,ойо,ос,о,голодать,,о
678,нуко,,,0,,ал,нуко-анхъаба/ал,,айо,с,а,испытывать голод и жажду,,
679,нуьшоькI,нуьшоь,кI,0,,аьл,нуьшоьбаькIаьл,,ийо,ца,а,мельчить,,
680,нуьшоьлъ,нуьшоь,лъ,0,,аьл,нуьшоьбаьлъаьл,,ийо,чаь,ѳ,"1) становиться мелким, мельчать 2) перен. мелочиться",,
681,огъо,,,1,йогъо-тихал II,ал,богъо-тухал,,ийо,ца,а,кормить,,
682,окдāйо,кдā,йо,1,окдāовал I,вал,окдāбовагьал,,ойо,ос,ва,бить (колотить) до стонов,,о
683,оклI,кдā,,1,,ал,,,ойо,ос,а,однокр. 1) издать стон,,о
684,оьгьлI,,,0,,аьл,,,оьйоь,оьш,аь,однокр. кашлянуть,,оь
685,оьл,оь,л,0,,аьл,оьваьлаьл,,лоь,чаь,ѳ,"хватать, быть достаточным",,
686,оьхоькI,оьхоь,кI,0,,аьл,оьхоьбаькIаьл,,ийо,чаь,аь,"делать некрасивым, несимпатичным, грубым",,
687,оьхоьлъ,оьхоь,лъ,0,,аьл,оьхоьбаьлъаьл,,ийо,чаь,ѳ,"стать (становиться) некрасивым, несимпатичным, грубым",,
688,оьълI,,,0,,аьл,,,оьйо,оьш,аь,однокр. рвать (о рвоте),,оь
689,оᴴгух,о,ᴴгух,0,,ал,онгувахал,,ойо,ос,о,быть (стать),,о
690,оᴴгухол,оᴴгу,хол,0,,ал,оᴴгувахолал,,ло,ца,а,делать,,
691,оᴴхоцI,,,0,,ал,,,ийо,ца,ѳ,"наедаться, насыщаться",,
692,паплокI,,,0,,ал,,,ийо,ца,а,"делать мягким, смягчать",,
693,паплолъ,,,0,,ал,,,ийо,ца,ѳ,смягчаться,,
694,парлI,пар,лI,0,,ал,парбалIал,,ойо,ос,о,"однокр. развеваться, веять, реять",,о
695,парлIол,пар,лIол,0,,ал,парбалIолал,,ло,ца,а,"развевать, колыхать, колебать",,
696,пахлI,,,0,,ал,,,ойо,ос,о,порошить,,о
697,пахлIол,,,0,,ал,,,ло,ца,а,пылить,,
698,пацбалI,,,0,,ал,,,ойо,ос,о,мигать,,о
699,пацлIол,пац,лIол,0,,ал,пацбалIолал,,ло,ца,а,пылить,,
700,пигьакI,пигьа,кI,0,,ал,пигьабакIал,,ийо,ца,а,"1) удешевлять, уценивать",,
701,пигьалъ,пигьа,лъ,0,,ал,пигьабалъал,,ийо,ца,а,1) дешеветь,,
702,пипилI,,,0,,ал,,,ойо,ос,о,дергаться,,о
703,пицхилдокI,пицхилдо,кI,0,,ал,пицхилдобакIал,,ийо,ца,а,1) горячить 2) перен. торопить,,
704,пицхилдолъ,пицхилдо,лъ,0,,ал,пицхилдобалъал,,ийо,ца,ѳ,1) горячиться,,
705,пичIилI,,,0,,ал,,,ейо,еш,а,исчезать,,е
706,поьгълаь,,,0,,аьл,,,аьйо,аьш,аь,стать морщинистым,,а
707,поьхъдаь,,,0,,аьл,,,аьйо,ш,аь,булькать (о каше при варке),,
708,пуьлI,пуь,лI,0,,аьл,пуьваьлIаьл,,оьйо,оьш,аь,однокр. дуть,,оь
709,пIаьрлI,пIаьр,лI,0,,аьл,пIаьрбаьлIаьл,,оьйо,оьш,оь,болтать,,оь
710,пIаьпIаьлоькI,пIаьпIаьлоь,кI,0,,аьл,пIаьпIаьлоьбаькIаьл,,ийо,чаь,аь,1) делать лысым 2) перен. делать голым,,
711,пIаьпIаьлоьлъ,пIаьпIаьлоь,лъ,0,,аьл,пIаьпIаьлоьбаьлъаьл,,ийо,ча,ѳ,1) лысеть,,
712,рацI,,,0,,ал,,,оро,ц,о,видеть далеко (хаш.),,ц
713,раьв,,,0,,аьл,,,еро,ец,а,отекать (хаш.),,е
714,рий,,,0,,ал,рийагьал,,еро,ец,е,падать (о стене) (хаш.),,е
715,роьшоьгицI,ий,,1,,ал,,,иро,ца,ѳ,распороться (хаш.),,
716,сагилдокI,сагилдо,кI,0,,ал,сагилдобакIал,,ийо,ца,а,морщить (об одежде),,
717,сагилдолъ,сагилдо,лъ,0,,ал,сагилдобалъал,,ийо,ца,ѳ,морщиться (об одежде),,
718,сад,са,д,0,,дол,сагилдобалъал,,ийо,ца,ѳ,1. мест. неопр. некоторые,,
719,сапIунийалъкI,,,0,,ал,,,ийо,ис,а,"редко делать воду мыльной, мылить",,и
720,сасалокI,сасало,кI,0,,ал,сасалобакIал,,ийо,ца,а,1) толочь,,
721,сасалолъ,сасало,лъ,0,,ал,сасалобалъал,,ийо,ца,ѳ,"1) становиться толченным (дробленным, размельченным), дробиться 2) быть (стать) рассыпчатым",,
722,йахъ,асало,,1,,ал,,,ийо,ца,ѳ,утихать,,
723,саᴴлI,,,0,,ал,,,ойо,ос,а,однокр. испражняться,,о
724,сибовак,,,0,,ал,,,ийо,ца,а,наступить осени,,
725,сибовакI,,,0,,ал,,,ийо,ца,а,перех. от сибовакал,,
726,сиддāкI,сидд,āкI,0,,ал,сиддабāкIал,,ийо,ца,а,убирать в сторону (в одно место),,
727,сиз,си,з,0,,ал,сийазал,,ийо,ца,а,плести,,
728,сизкI,сиз,кI,0,,ал,сизбакIал,,ийо,ца,а,"1) мять, обрабатывать шкуру",,
729,сийолдокI,,,0,,ал,,,ийо,ца,а,строить хлев,,
730,симахъ,сима,хъ,0,,ал,симабахъал,,ойо,ос,о,"злиться, сердиться",,о
731,симахъол,сима,хъол,0,,ал,симабахъолал,,ло,ца,а,"злить, сердить",,
732,синна,,,0,,ал,синнаба/ал,,айо,с,а,1) упрямиться,,
733,сисилI,,,0,,ал,,,ойо,ос,о,дрожать,,о
734,сисилIол,сиси,лIол,0,,ал,сисибалIолал,,ло,ца,а,"знобить, лихорадить",,
735,си,,,0,,ал,,,ойо,ос,а,дрожать,,о
736,си,с,и,0,,ал,сӣбалIолал,,ло,ца,а,знобить (болезненное состояние),,
737,сос,со,с,0,,ал,совасал,,ийо,ца,ѳ,1) жечься,,
738,сосолокI,,,0,,ал,,,ийо,ца,а,делать (муку) крупного помола,,
739,сосололъ,,,0,,ал,,,ийо,ца,ѳ,становиться крупного помола (о муке),,
740,сумурдокI,сумурдо,кI,0,,ал,сумурдобакIал,,ийо,ца,а,плиссировать,,
741,сумурдолъ,сумурдо,лъ,0,,ал,сумурдобалъал,,ийо,ца,ѳ,стать (быть) плиссированным,,
742,сус,су,с,0,,ал,сувасал,,ойо,ос,а,"1) рубить на куски, колоть",,о
743,табакI,таба,кI,0,,ал,табабакIал,,ийо,ца,а,"доводить до усталости, утомить",,
744,табалъ,таба,лъ,0,,ал,табабалъал,,ийо,ца,ѳ,уставать,,
745,талихицI,,,0,,ал,,,ийо,ца,ѳ,вздремнуть,,
746,таталокI,,,0,,ал,,,ийо,ца,а,"делать дряблым (вялым, мягким)",,
747,таталолъ,,,0,,ал,,,ийо,ца,ѳ,"дрябнуть, становиться дряблым (вялым, мягким)",,
748,теликI,тели,кI,0,,ал,телибакIал,,ийо,ца,а,расти,,
749,телилъ,тели,лъ,0,,ал,телибалъал,,ийо,ца,ѳ,расти,,
750,тигъак,тигъа,к,0,,ал,тигъабакал,,ийо,ца,ѳ,приближаться вплотную к чему-л.,,
751,тигъакI,тигъа,кI,0,,ал,тигъабакIал,,ийо,ца,а,сдвинуть вплотную к чему-л.,,
752,тикъ,ти,къ,0,,ал,тийакъал,,ойо,ос,о,"1) воткнуться, вонзиться, колоться (о занозе)",,о
753,тикъол,ти,къол,0,,ал,тийакъолал,,ло,ца,а,"1) втыкать, колоть, вонзить (о занозе) 2) перен. подкалывать",,
754,тикьак,тикьа,к,0,,ал,тикьабакал,,ийо,ца,ѳ,переходить на другую сторону (на ту сторону),,
755,тикьа,,,0,,ал,тикьа-никьабакал,,ийо,ца,ѳ,см. тикьакал,,
756,тил,ти,л,0,,ал,тийалал,,ло,ца,а,"класть, положить (дрова в огонь)",,
757,тохъ,,охъ,1,тил тихъал II  тил тухъал III,ал,тил тувабахъал,,ийо,ца,ѳ,1) прислоняться,,
758,тилIк,тилI,к,0,,ал,тилIбакал,,ийо,ис/-ца,и/-ѳ,"перепрыгивать, переходить",,и
759,титилI,тити,лI,0,,ал,титибалIал,,ойо,ос,о,изнашиваться (до дыр),,о
760,титилIолл,тити,лIолл,0,,ал,титибалIоллал,,ийо,ис,а,изнашивать (до дыр),,и
761,тицI,ти,цI,0,,ал,тийацIал,,ийо,ца,ѳ,"надевать (пояс, ремень, кушак), подпоясывать",,
762,тиъ,ти,ъ,0,,ал,тийаъал,,ийо,ца,а,поджаривать,,
763,тиъ,ти,ъ,0,,ал,тийаъал,,ийо,ца,ѳ,"войти в доверие, найти общий язык",,
764,тиъ,ти,ъ,0,,ал,тийаъал,,ийо,ца,а,"расселяться, рассеиваться",,
765,толаж,,,0,,ал,,,ейо,ес,е,1) свертываться,,е
766,тохъ,,охъ,1,тихъал II тухъал III,ал,тувабахъал,,ийо,ца,ѳ,"возиться, заниматься чем-л.",,
767,тоьт,,,0,,аьл,,,оьйо,оьш,оь,мазаться чуть-чуть (слегка),,оь
768,тоьтлоькI,тоьтлоь,кI,0,,аьл,тоьтлоьбаькIаьл,,ийо,ца,аь,мягчить,,
769,тоьтлоьлъ,тоьтлоь,лъ,0,,аьл,тоьтлоьбаьлъаьл,,ийо,чаь,ѳ,мякнуть,,
770,тукI,у,кI,1,токIал I тикIал II,ал,тувакIал // тувабакIал,,ийо,ца,а,"использовать, применять",,
771,тух,ту,х,0,,ал,тувахал,,ийо,ца,а,"1) кормить, угощать",,
772,тухъ,ту,хъ,0,,ал,тувахъал,,ийо,ца,ѳ,1) слышать,,
773,тухъ,ту,хъ,0,,ал,тувахъал,,ийо,ца,ѳ,свертываться,,
774,туьшоьл,туь,шоьл,0,,аьл,туьваьшоьлаьл,,лоь,чаь,аь,красить,,
775,туьшоьл,туь,шоьл,0,,аьл,туьваьшоьлаьл,,лоь,чаь,аь,"точить, затачивать",,
776,туцI,ту,цI,0,,ал,тувацIал,,ойо,ос,о,"быть вдетым, вдеваться",,о
777,туцI,ту,цI,0,,ал,тувацIал,,ойо,ос,о,"поворачиваться, обращаться в направлении кого-чего-л.",,о
778,туцIол,ту,цIол,0,,ал,тувацIолал,,ло,ца,а,вдевать,,
779,туьлI,,,0,,аьл,туьлIваьлIаьл,,оьйо,оьщ,аь,однокр. плюнуть,,оь
780,туьш,туь,ш,0,,аьл,туьваьшаьл,,оьйо,оьш,оь,краситься,,оь
781,туьш,туь,ш,0,,аьл,туьваьшаьл,,оьйо,оьш,оь,оттачиваться,,оь
782,тIаьжел,,,0,,ал,,,ло,ца,а,оставить след,,
783,тIаьлI,тI,аьлI,0,,аьл,тIāьбаьлIаьл,,ейо,еш,аь,"1) доить, надаивать",,е
784,тIаьлI,тI,аьлI,0,,аьл,тIāьлIаьл,,ейо,еш,аь,моросить,,е
785,тIизлI,,,0,,ал,,,ойо,ос,о,"болеть, приболеть (о голове)",,о
786,тIизлIол,тIиз,лIол,0,,ал,тIизбалIолал,,ло,ца,а,щурить,,
787,тIизол,тIи,зол,0,,ал,тIийазолал,,ло,ца,а,прицеливаться,,
788,тIик,,,0,,ал,,,ейо,еш,е,заходить (о солнце),,е
789,тIикел,тIи,кел,0,,ал,тIийакелал,,ло,ца,а,"бросить, кинуть на близкое расстояние кому-л.",,
790,тIикеницI,тIикен,ицI,0,,ал,тIикенубацIал,,ийо,ца,ѳ,"появляться, показаться (на мгновение, на короткое время)",,
791,тIикъолъ,тIикъо,лъ,0,,ал,тIикъобалъал,,ийо,ца,ѳ,обижаться,,
792,тIимкьак,,,0,,ал,,,ийо,ца,ѳ,встать (становиться) на цыпочки,,
793,тIотI,тIо,тI,0,,ал,тIоватIал,,ойо,ос,а,рубить,,о
794,тIотIилда,I,отIилда,1,тIитIилда/ал II,ал,тIутIилдаба/ал,,айо,с,а,кататься,,
795,тIоьлI,тIоь,лI,0,,аьл,тIоьваьлIаьл,,оьйо,оьш,оь,1) раскрываться (о глазах),,оь
796,тIуцойеᴴкь,,,0,,ал,,,ейо,еш,е,становиться отжатым (о белье),,е
797,тIутI,Iу,тI,1,тIитIал II  тIотIал I,ал,тIуватIал,,ийо,ца,а,"1) бросать, кидать",,
798,тIутIулI,тIутIу,лI,0,,ал,тIутIубалIал,,ойо,ос,о,екать,,о
799,тIуц,тIу,ц,0,,ал,тIувацал,,ойо,ос,а,1) выжимать,,о
800,уьъуьлI,,,0,,аьл,,,оьйо,оьш,аь,однокр. кукарекать,,оь
801,хагъ,х,агъ,0,,ал,хāгъал,,ойо,ос,о,сосать (грудь),,о
802,хагъол,х,агъол,0,,ал,хāгъолал,,ло,ца,а,"кормить кого-л., дать кому-л. сосать",,
803,ханнохъ,анн,охъ,1,ханнихъал II,ал,ханнувахъал // ханнувабахъал,,ийо,ца,а,см. хантохъал  315,,
804,хантохъ,ант,охъ,1,хантихъал II,ал,хантувахъал // хантувабахъал,,ийо,ца,ѳ,"1) просить, выпрашивать",,
805,харлIол,хар,лIол,0,,ал,харбалIолал,,ло,ца,а,скрести,,
806,хаслI,хас,лI,0,,ал,хасбалIал,,ойо,ос,а,тесать,,о
807,хаслIол,хас,лIол,0,,ал,хасбалIолал,,ло,ца,а,см. хаслIал,,
808,хатолъ,хато,лъ,0,,ал,хатобалъал,,ийо,ца,ѳ,немного (чуть-чуть) похудеть,,
809,хахалолъ,хахало,лъ,0,,ал,хахалобалъал,,ийо,ца,ѳ,"шершаветь, становиться шершавым (шероховатым)",,
810,хахалI,хаха,лI,0,,ал,хахабалIал,,ойо,ос,о,1) тереться обо что-л.,,о
811,хахалIол,хаха,лIол,0,,ал,хахабалIолал,,ло,ца,а,1) тереть что-л.,,
812,хаьйаьтокI,аьйаь,токI,1,хаьйаьтикIал II,ал,хаьйаьбаьтувакIал,,ийо,ца,а,"1) заставить ударить, бить 2) перен. заставить работать",,
813,хаьлI,х,аьлI,0,,аьл,хāьлIаьл,,ейо,еш,а,"однокр. 1) воткнуть, колоть",,е
814,хаьлIейуьᴴхъ,аьлIе,йуьᴴхъ,1,хаьлIеуьнхъаьл I  хаьлIемуьхъаьл III,аьл,хаьлIемуьваьхъаьл // хаьлIейуьнваьхъаьл,,ийо,чаь,ѳ,сталкиваться,,
815,хаьх,х,аьх,0,,аьл,хāьхаьл,,ийо,чаь,аь,1) мазать что-л. чем-л.,,
816,хела,,,0,,ал,хелакъекъебалъал,,ийо,ца,ѳ,стать ровным и широким,,
817,хела,,,0,,ал,хела-къекъебакIал,,ийо,ца,а,делать ровным и широким,,
818,хелекI,хеле,кI,0,,ал,хелебакIал,,ийо,ца,а,"делать ровным, разровнять",,
819,хелелъ,хеле,лъ,0,,ал,хелебалъал,,ийо,ца,ѳ,"быть (стать) ровным, разровняться",,
820,хетIекI,хетIе,кI,0,,ал,хетIебакIал,,ийо,ца,а,"делать толстым (или массивным), утолщать",,
821,хетIелъ,хетIе,лъ,0,,ал,хетIебалъал,,ийо,ца,ѳ,толстеть,,
822,хигъ,хи,гъ,0,,ал,хийагъал,,ийо,ца,ѳ,обосноваться,,
823,хийокI,хийо,кI,0,,ал,хийобакIал,,ийо,ца,а,печалить,,
824,хийолъ,хийо,лъ,0,,ал,хийобалъал,,ийо,ца,ѳ,"печалиться, грустить",,
825,хискьак,,,0,,ал,,,ийо,ца,ѳ,наступить утру,,
826,хискьакI,,,0,,ал,,,ийо,ца,а,перех. от хискьакал,,
827,хислI,хис,лI,0,,ал,хисбалIал,,ойо,ос,о,1) тесать,,о
828,хихилокI,хихило,кI,0,,ал,хихилобакIал,,ийо,ца,а,делать скользким,,
829,хихилолъ,хихило,лъ,0,,ал,хихилобалъал,,ийо,ца,ѳ,быть (становиться),,
830,йез,,,1,хих эзал I  хих безал III,ал,хих бейазал//хих йейазал,,ейо,еш,е,скользить,,е
831,хихлI,,,0,,ал,,,ойо,ос,а,сморкаться,,о
832,хихлIол,хих,лIол,0,,ал,хихбалIолал,,ло,ца,а,сморкать,,
833,тIотI,,,1,хих тIитIал II  хих тIутIал III,ал,хих тIуватIал,,ийо,ца,ѳ,"скользить, скользнуть",,
834,хиц,хи,ц,0,,ал,хийацал,,ойо,ос,а,закончить (завершить) вязание,,о
835,хицIиндокI,хицIиндо,кI,0,,ал,хицIиндобакIал,,ийо,ца,а,"увлажнять, смягчать",,
836,хицIиндолъ,хицIиндо,лъ,0,,ал,хицIиндобалъал,,ийо,ца,ѳ,"увлажняться, смягчаться",,
837,хишел,хи,шел,0,,ал,хийашалал,,ло,ца,а,не спать всю ночь,,
838,хослI,хос,лI,0,,ал,хосбалIал,,ойо,ос,а,однокр. чесать что-л.,,о
839,хоцIокI,хоцIо,кI,0,,ал,хоцIобакIал,,ийо,ца,а,делать красным,,
840,хочала,,,0,,ал,хочалаба/ал,,аро,ч,а,спать (тляд.),,ч
841,хоькIкI,хоькI,кI,0,,аьл,хоькIбаькIаьл,,ийо,ис/-ча,аь,1) делать впалым 2),,и
842,хоькIлъ,хоькI,лъ,0,,аьл,хоькIбаьлъаьл,,ийо,ис/-чаь,ѳ,"1) осесть, впасть",,и
843,хоьхаькъ,хоь,хаькъ,0,,аьл,хоьваьхаькъаьл,,оьйо,оьш,оь,иметь желание грызть,,оь
844,хоьх,хоь,х,0,,аьл,хоьваьхаьл,,ийо,чаь,аь,1) грызть,,
845,хоьᴴлI,,,0,,аьл,,,оьйо,оьш,аь,"однокр. храпеть, храпнуть",,оь
846,хуло,,,0,,аьл,,,оьйо,чаь,ѳ,"растрескиваться, морщиться (о состоянии бобовых во время варки)  323",,
847,хулI,ху,лI,0,,ал,хувалIал,,ойо,ос,а,1) пить,,о
848,хулIо,,,0,,ал,,,ийо,еш,а,"пить, выпивать",,е
849,хурлIол,,,0,,ал,,,ло,ца,а,сопеть,,
850,хутIукI,хутIу,кI,0,,ал,хутIубакIал,,иро,ца,а,щекотать (хаш.),,
851,хутIух,хутIу,х,0,,ал,хутIубахал,,ийо,ца,ѳ,щекотать,,
852,хух,ху,х,0,,ал,хувахал,,ойо,ос,а,1) перебирать шерсть,,о
853,хухлокьак,хухлокьа,к,0,,ал,хухлокьабакал,,ийо,ца,ѳ,становиться дыбом,,
854,хухлокьакI,хухлокьа,кI,0,,ал,хухлокьабакIал,,ийо,ца,а,"заставить стать дыбом, ощетиниться",,
855,хухо,ухо,,1,хухо-икьал I,ал,хухо-йийакьал // хухо-бийакьал,,ейо,еш,а,прям. и перен. потрепать кого-  что-л.,,е
856,хуьж,хуь,ж,0,,аьл,хуьваьжаьл,,оьйо,оьш,аь,1. 1) меняться,,оь
857,хуьжоь,,,0,,аьл,хуьжоьхāьжаьл,,ейо,еш,а,1. 1) меняться 2) перен. заниматься торговлей 2. менять,,е
858,хуьл,хуь,л,0,,аьл,хуьваьлаьл,,оьйо,оьш,оь,"морщиться (о коже, о бобовых)",,оь
859,хуьчIуькI,хуьчIуь,кI,0,,аьл,хуьчIуьбаькIаьл,,ийо,чаь,аь,палить,,
860,хуьчIуьх,хуьчIуь,х,0,,аьл,хуьчIуьбаьхаьл,,ийо,чаь,ѳ,опалиться,,
861,хъарлI,хъар,лI,0,,ал,хъарбалIал,,ойо,ос,о,1) возиться (заниматься) с ч,,о
862,хъахъалI,хъахъа,лI,0,,ал,хъахъабалIал,,ойо,ос,о,"1) возиться, заниматься ч",,о
863,хъахъалIол,хъахъа,лIол,0,,ал,хъахъабалIолал,,ло,ца,а,"1) волочить, тащить что-л.",,
864,хъаьйлIихъ,,,0,,ал,,,ойо,ос,о,быть (стать) у кого-л. чего-л. в избытке,,о
865,хъаьлI,,,0,,аьл,,,ейо,еш,аь,"1) кричать, орать 2) шуметь",,е
866,хъаьлIе,,,0,,аьл,,,оьйо,оьш,оь,"греметь, проиводить (происходить) грохот в сильным ветром",,оь
867,хъаьхълI,,,0,,аьл,,,оьйо,оьш,аь,однокр. отрыгиваться,,оь
868,хъехъ,хъе,хъ,0,,ал,хъейахъал,,ейо,еш,е,"раздвигаться, растопыриваться (о ногах)",,е
869,хъехъел,хъе,хъел,0,,ал,хъейахъелал,,ло,ца,а,"раздвигать, растопыривать (о ногах)",,
870,хъечлIол,хъеч,лIол,0,,ал,хъечбалIолал,,ло,ца,а,ругать,,
871,хъимакI,,,0,,ал,,,ийо,ца,а,"портить, делать пасмурным (о погоде)",,
872,хъималъ,,,0,,ал,,,ийо,ца,ѳ,портиться,,
873,хъир,,,0,,ал,хъир-хъарбалIал,,ойо,ос,о,возиться,,о
874,хъихъилI,хъихъи,лI,0,,ал,хъихъибалIал,,ойо,ос,о,"хохотать, смеяться",,о
875,хъо,,,0,,вал,хъовагьал,,ойо,ос,ва,1) читать,,о
876,хъохъ,хъо,хъ,0,,ал,хъовахъал,,ойо,ос,о,1) сохнуть,,о
877,хъохъол,хъо,хъол,0,,ал,хъовахъолал,,ло,ца,а,1) сушить,,
878,хъоьхълI,,,0,,аьл,,,оьйо,оьш,аь,"однокр. грубо говорить, нагрубить",,оь
879,хъусокI,хъусо,кI,0,,ал,хъусобакIал,,ийо,ца,а,суживать,,
880,хъусолъ,хъусо,лъ,0,,ал,хъусобалъал,,ийо,ца,ѳ,"суживаться, сужаться",,
881,цацалI,,,0,,ал,,,ойо,ос,о,брызгаться,,о
882,цацалIол,,,0,,ал,,,ло,ца,а,брызгать,,
883,цаᴴгь,ц,аᴴгь,0,,ал,цāнбагьал,,ийо,ца,а,"1) дать имя, назвать именем, нарекать",,
884,цикъиндокI,,,0,,ал,,,ийо,ца,а,делать водянистым,,
885,цикъиндолъ,,,0,,ал,,,ийо,ца,ѳ,стать (становиться) водянистым,,
886,цикълI,,,0,,ал,,,ойо,ос,о,"стать (быть) водянистым, жидким",,о
887,цикълIол,,,0,,ал,,,ло,ца,а,"делать водянистым, жидким",,
888,цихакI,,,0,,ал,,,ийо,ца,а,делать соленым,,
889,цих,ци,х,0,,ал,цийахал,,ийо,ца,ѳ,пьянеть,,
890,цихалъ,,,0,,ал,,,ийо,ца,ѳ,"стать соленым, просолиться",,
891,циᴴйакI,,,0,,ал,,,ийо,ца,а,пересаливать,,
892,циᴴйалъ,,,0,,ал,,,ийо,ца,ѳ,"стать соленым (многосольным), просолиться",,
893,цолак,,,0,,ал,,,ейо,ца,е,быть (становиться) пасмурным,,
894,цолIлI,цо,лIлI,0,,ал,цовалIлIал,,ойо,ос,а,сосать,,о
895,цоц,цо,ц,0,,ал,цовацал,,ойо,ос,о,"1) промаслиться, пропитаться маслом",,о
896,цоцол,цо,цол,0,,ал,цовацолал,,ло,ца,а,мазать,,
897,цугъокI,,,0,,ал,,,ийо,ца,а,"делать сухим, труднопроглатываемым",,
898,цугъолъ,,,0,,ал,,,ийо,ца,ѳ,"стать (становиться) сухим, труднопроглатываемый",,
899,цуцулI,,,0,,ал,,,ойо,ос,о,моросить,,о
900,цIакъ,,,0,,ал,,,ойо,ос,о,"1) обижаться 2) обижать, задевать",,о
901,цIакъол,,,0,,ал,,,ло,ца,а,принимать близко к сердцу,,
902,цIакI,цI,акI,0,,ал,цIāкIал,,ойо,ос,о,чувствовать,,о
903,бо,,,0,,вал,,,ойо,ос,ва,"побывать, поездить везде и всюду (без цели)",,о
904,цIатIокI,цIатIо,кI,0,,ал,цIатIобакIал,,ийо,ца,а,"1) делать узким (опасным), суживать (о дороге) 2) перен. ограничивать",,
905,цIатIолъ,цIатIо,лъ,0,,ал,цIатIобалъал,,ийо,ца,ѳ,"1) быть (становиться) узким, опасным (о тропинке)",,
906,цIикълI,,,0,,ал,,,ойо,ос,о,колоться (о боли),,о
907,цIикълIол,,,0,,ал,,,ло,ца,а,колоть (о боли),,
908,цIилеъ,цIиле,ъ,0,,ал,цIилебаъал,,ийо,ца,а,наматывать,,
909,цIилъ,цIи,лъ,0,,ал,цIийалъал,,ийо,ца,ѳ,"радоваться, веселиться",,
910,цIилI,цIи,лI,0,,ал,цIийабалIал,,ойо,ос,о,1) радоваться,,о
911,цIилIо,,,0,,ал,цIилIо-кāбалIал,,ойо,ос,о,"радоваться, быть в хорошем настроении",,о
912,цIимлI,цIим,лI,0,,ал,цIимбалIал,,ойо,ос,о,звякать,,о
913,цIицIилI,,,0,,ал,,,ойо,ос,о,"появляться (о чем-то очень маленьком, еле заметном)",,о
914,цIиълI,цIиъ,лI,0,,ал,цIиъбалIал,,ойо,ос,о,однокр. 1) скрипеть,,о
915,цIиълIол,цIиъ,лIол,0,,ал,цIиъбалIолал,,ло,ца,а,1) скрипеть ч,,
916,цIогьода,,,0,,ал,цIогьодаба/ал,,айо,с,а,ныть,,
917,цIодолокI,цIодоло,кI,0,,ал,цIодолобакIал,,ийо,ца,а,"чернить, красить в черный цвет",,
918,цIодололъ,цIодоло,лъ,0,,ал,цIодолобалъал,,ийо,ца,ѳ,чернеть,,
919,цIокь,,,0,,ал,,,ийо,ца,а,"ругать (обзывая, проклиная)",,
920,цIоцI,,,0,,ал,,,ойо,ос,о,1) щетиниться 2) быть (стать) жестким (о волосах),,о
921,цIоцIол,,,0,,ал,,,ло,ца,а,1) делать щетинистым 2) делать жестким 3) перен. делать грубым (жестким),,
922,цIоцIолIол,цIоцIо,лIол,0,,ал,цIоцIобалIолал,,ло,ца,а,обхаживать курицу (о петухе),,
923,цIудокI,цIудо,кI,0,,ал,цIудобакIал,,ийо,ца,а,1) красить,,
924,цIудолъ,цIудо,лъ,0,,ал,цIудобалъал,,ийо,ца,ѳ,краснеть,,
925,цIулукIда,,,0,,ал,цIулукIдаба/ал,,айо,с,а,есть сладости по-немногу (небольшими порциями),,
926,чах,ч,ах,0,,ал,чāхал,,ийо,ча,а,писать,,
927,чачалI,,,0,,ал,,,ойо,ос,а,закричать не своим голосом (напр. от испуга),,о
928,чаьчаьлоькI,,,0,,аьл,,,ийо,ца,аь,"делать кислым, кислить",,
929,чаьчаьлоьлъ,,,0,,аьл,,,ийо,чаь,ѳ,быть (стать) кислым,,
930,чик,чи,к,0,,ал,чийакал,,ейо,еш,е,1) грязниться,,е
931,чикел,чи,кел,0,,ал,чийакелал,,ло,ца,а,"1) грязнить, пачкать",,
932,чогъа,чо,гъа,0,,ал,човагъа/ал,,айо// ойо,ос,о,засыхать,,о
933,чогъол,чо,гъол,0,,ал,човагъолал,,ло,ца,а,запекать,,
934,чоьхъ,чоь,хъ,0,,аьл,чоьваьхъаьл,,ийо,чаь,ѳ,"слышать, знать",,
935,чуькI,чуь,кI,0,,аьл,чуьваькIаьл,,ийо,ца,а,"искать, ворошить, рыться",,
936,чIаьгъекI,,,0,,ал,,,ийо,ца,а,подражать дисканту,,
937,чIаьгъелъ,,,0,,ал,,,ийо,ца,ѳ,обладать дискантом 2,,
938,чIаьгъелъ,чIаьгъе,лъ,0,,ал,чIаьгъебалъал,,ийо,ца,ѳ,"деревенеть, твердеть",,
939,чIаьйк,,,0,,ал,,,ийо,чаь,ѳ,"просрочиться, пройти (о времени для",,
940,чIаьйкI,чIаьй,кI,0,,ал,чIаьйбакIал,,ийо,ца,а,кривить,,
941,чIаьйкI,,,0,,ал,,,ийо,чаь,аь,"просрочивать (напр., времени молитвы) 1",,
942,чIаьйлъ,чIаьй,лъ,0,,ал,чIаьйбалъал,,ийо,ца,ѳ,кривиться,,
943,чIаьйлъ,чIаьй,лъ,0,,ал,чIаьйбалъал,,ийо,ца,ѳ,"просрочиваться, пройти (о времени)",,
944,чIаькълIоьл,чIаькъ,лIоьл,0,,аьл,чIаькъбаьлIоьлаьл,,лоь,чаь,аь,щелкать,,
945,чIаьлъ,чI,аьлъ,0,,аьл,чIāьлъал,,ийо,ча,ѳ,знать,,
946,чIаьлI,чI,аьлI,0,,аьл,чIāьлIаьл,,ейо,еш,а,1) бросать,,е
947,чIаьнаьгъ,чIаьнаь,гъ,0,,ал,чIаьнаьбагъал,,ойо,ос,а,"1) бегать, бежать",,о
948,чIаьчIаьлI,,,0,,аьл,,,оьйо,оьш,аь,поднимать крик,,оь
949,чIекIдокI,чIекIдо,кI,0,,ал,чIекIдобакIал,,ийо,ца,а,1) гнуть,,
950,чIекIдолъ,чIекIдо,лъ,0,,ал,чIекIдобалъал,,ийо,ца,ѳ,1) гнуться,,
951,чIецI,чIе,цI,0,,ал,чIейацIал // чIейабацIал,,чIечIейо,чIечIеш,чIечIе,1) усыхать; гьаьше чIечIейо шкура усохла 2) быть (стать) сухопарым (худым),,ч
952,чIечIел,чIе,чIел,0,,ал,чIейачIелал,,ло,ца,а,1) делать усохшим,,
953,чIуьгьиндокI,чIуьгьиндо,кI,0,,ал,чIуьгьиндобакIал,,ийо,ца,а,"принаряжать, украшать",,
954,чIуьгьиндолъ,чIуьгьиндо,лъ,0,,ал,чIуьгьиндобалъал,,ийо,ца,ѳ,принаряжаться,,
955,чIу,чI,у,0,,аьл,чIӯьбаькIаьл,,ийо,ца,аь,полоскать,,
956,чIоьчIлоьлъ,чIоьчIлоь,лъ,0,,ал,чIоьчIлоьбалъал,,ийо,ца,ѳ,1) быть (стать) резвым (шустрым) 2) шевелиться,,
957,шаж,ш,аж,0,,ал,шāжал,,ейо,еш,е,удовлетворяться,,е
958,шажел,ш,ажел,0,,ал,шāжелал,,ло,ца,а,"удовлетворять, успокаивать (получив желаемого)",,
959,шайлIол,шай,лIол,0,,ал,шайбалIолал,,ло,ца,а,качать (головой),,
960,шайх,шай,х,0,,ал,шайбахал,,ийо,ца,а,"1) тасовать, мешать 2) перен. беспокоить, взбудораживать",,
961,шейх,шей,х,0,,ал,шейбахал,,ийо,ца,а,"1) тасовать, мешать 2) перен. беспокоить, взбудораживать",,
962,шалдокI,шалдо,кI,0,,ал,шалдобакIал,,ийо,ца,а,"разрежать, разреживать",,
963,шалдолъ,шалдо,лъ,0,,ал,шалдобалъал,,ийо,ца,ѳ,разредиться,,
964,шалI,ш,алI,0,,ал,шāлIал,,ейо,еш,е,подсыхать,,е
965,шалIлI,,,0,,ал,,,ойо,ос,а,свистеть,,о
966,шардокI,шардо,кI,0,,ал,шардобакIал,,иро,ча,а,делать хромым (тляд.),,
967,шардолъ,шардо,лъ,0,,ал,шардобалъал,,иро,ча,ѳ,хромать (тляд.),,
968,шаьтIекI,шаьтIе,кI,0,,ал,шаьтIебакIал,,ийо,ца,а,обнажать,,
969,шаьтIелъ,шаьтIе,лъ,0,,ал,шаьтIебалъал,,ийо,ца,ѳ,обнажаться,,
970,шетI,ше,тI,0,,ал,шейатIал,,ийо,ца,ѳ,закрываться,,
971,шеш,ше,ш,0,,ал,шейасал,,ейо,еш,е,"становиться густым, густеть",,е
972,шеш,ше,ш,0,,ал,шейасал,,ейо,еш,а,"1) тасовать, мешать",,е
973,шешел,ше,шел,0,,ал,шейашелал,,ло,ца,а,"делать густым, дать возможность стать густым",,
974,шешел,ше,шел,0,,ал,шейашелал,,ло,ца,а,"тасовать, мешать",,
975,шоьш,шоь,ш,0,,аьл,шоьваьшаьл,,оьйо,оьш,аь,1) перевязывать,,оь
976,шоьъ,шоь,ъ,0,,аьл,шоьваьъаьл,,ийо,чаь,ѳ,забывать,,
977,шоьᴴлI,,,0,,аьл,,,оьйо,оьш,аь,1) грозить,,оь
978,шуьшоьлъ,шуьшоь,лъ,0,,аьл,шуьшоьбаьлъаьл,,ийо,чаь,ѳ,"1) быть (стать) тонким или тоньше, утончаться",,
979,шуьшоьлI,,,0,,аьл,,,оьйо,оьш,аь,"сыпаться, насыпаться",,оь
980,шуьшоьлIоьл,,,0,,ал,,,ло,ца,а,"сыпать, насыпать, посыпать",,
981,шуьшоьгъаьк,шуьшоьгъаь,к,0,,аьл,шуьшоьгъаьбаькаьл,,ийо,ца,ѳ,одеваться налегке,,
982,шуьшоькI,шуьшоь,кI,0,,аьл,шуьшоьбаькIаьл,,ийо,чаь,аь,"делать тонким или тоньше, утончать",,
983,элекI,эле,кI,0,,ал,элебакIал,,ийо,ца,а,"1) переставлять, расставлять",,
984,эмедāк,,,0,,ал,,,ийо,ца,ѳ,наступить (о весне),,
985,эмедāкI,,,0,,ал,,,ийо,ца,а,перех. от эмедāкал,,
986,эмкьак,,,0,,ал,,,ийо,ца,ѳ,прорастать,,
987,эмкьакI,,,0,,ал,,,ийо,ца,а,проращивать,,
988,эᴴддāк,эᴴдд,āк,0,,ал,эᴴддабāкал,,ийо,ца,ѳ,войти (оказаться загнанным) внутрь,,
989,эᴴддāкI,эᴴдд,āкI,0,,ал,эᴴддабāкIал,,ийо,ца,а,1) загнать предмет во что-л. задвигать вглубь,,
990,эᴴдок,эᴴдо,к,0,,ал,эᴴдобакал,,ийо,ца,ѳ,"входить, заходить",,
991,эᴴдокI,эᴴдо,кI,0,,ал,эᴴдобакIал,,ийо,ца,а,загонять во внутрь,,
992,эᴴса,,,0,,ал,,,айо,с,а,сажать (закапывать) семена мотыгой,,
