,stem,verb_root,verb_root2,class,class_variants,stem_type,infinitive,plural,plural_morpheme,past,present,imperative,translation,Unnamed: 12,vowel
0,адах,,,,,,ал,,,ейо,еш,е,"понимать (о языке), гьоболлил илос миц ахо адахеш гость понимает наш язык",,е
1,азодок,,,,,,ал,,,ийо,ца,ѳ,наступить (о лете),,
2,азодокI,,,,,,ал,,,ийо,ца,а,перех. от азодокал,,
3,акьакI,акьа,кI,0,,h,ал,акьабāкIал,бā,ийо,ца,,подготавливать,,
4,акIилдокI,акIилдо,кI,0,,h,ал,акIилдобакIал,ба,ийо,ца,а,резать криво (косо),,
5,акIилдолъ,акIилдо,лъ,0,,h,ал,акIилдобалъал,ба,ийо,ца,ѳ,стать (стано-виться) криво (косо) разрезанным,,
6,акIол,,,I,й- II  б- III,,ал,бакIолал,class,ло,ца,а,становиться рябым (или пятнистым),,
7,атāк,ата,ак,0,,h,ал,атабāкал,бā,ийо,ца,ѳ,1) отодвигаться,,
8,атāкI,ата,акI,0,,h,ал,атабāкIал,бā,ийо,ца,а,1) отодвигать,,
9,аьмаькъ,,,,,,аьл,,,ейо,еш,а,ударить в голову (о влиянии алкоголя),,е
10,аᴴзакI,аᴴза,кI,0,,h,ал,аᴴзабакIал,ба,ийо,ца,а,1) марать,,
11,аᴴзалъ,аᴴза,лъ,0,,h,ал,аᴴзабалъал,ба,ийо,ца,ѳ,1) мараться,,
12,аᴴхс,аᴴх,с,0,,h,ал,аᴴхбасал,ба,ойо,ос,о,"спешить, торопиться",,о
13,аᴴцIкI,аᴴцI,кI,0,,h,ал,аᴴцIбакIал,ба,ийо,ис//-ца,а,"1) точить, чинить",,и
14,аᴴцIлъ,аᴴцI,лъ,0,,h,ал,аᴴцIбалъал,ба,ийо,ис//-ца,и,1) быть (стать) отточенным 2) быть (стать) острым (заостренным),,и
15,аᴴъаᴴлI,,,,,,ал,,,ойо,ос,а,однокр. орать (об осле),,о
16,аьᴴгьлъ,аьᴴгь,лъ,0,,s,аьл,аьᴴгьбаьлъаьл,баь,ийо,ис,и,"дырявиться, прохудиться, продырявливаться",,и
17,аьᴴгькI,аьᴴгь,кI,0,,s,аьл,аьᴴгьбаькIаьл,баь,ийо,чаь,аь,"дырявить, продырявливать",,
18,аьᴴйдāьк,аьᴴйда,аьк,0,,h,ал,аьᴴйдаьбāькал,бāь,ийо,чаь,ѳ,"1) оказываться впереди, обгонять, опережать",,
19,аьᴴйдāькI,аьᴴйда,аькI,0,,s,аьл,аьᴴйдаьбāькIаьл,бāь,ийо,чаь,аь,"1) продвигать вперед, передвигать",,
20,аьᴴкъекI,аьᴴкъе,кI,0,,h,ал,аьᴴкъебакIал,ба,ийо,ца,а,"выделять, отделять (чужого)",,
21,аьᴴкъелъ,аьᴴкъе,лъ,0,,h,ал,аьᴴкъебалъал,ба,ийо,ца,ѳ,"смотреть подозрительно, вести себя подозрительно",,
22,аьᴴл,,,,,,аьл,āьᴴлаьл,āьᴴл,лоь,чаь,аь,добавлять,,
23,аьᴴхъекI,аьᴴхъ,екI,0,,h,ал,аьᴴхъабакIал,ба,ийо,ца,а,наклонять,,
24,аьᴴхъелъ,аьᴴхъе,лъ,0,,h,ал,аьᴴхъебалъал,ба,ийо,ца,ѳ,наклоняться,,
25,аьᴴч,,,,,,аьл,āьᴴбаьчаьл,баь,ейо,еш,аь,"делать острым, точить",,е
26,бабалокI,бабало,кI,0,,h,ал,бабалобакIал,ба,ийо,ца,а,"1) делать блестящим, наводить блеск (глянец) на что-л.",,
27,бабалолъ,бабало,лъ,0,,h,ал,бабалобалъал,ба,ийо,ца,ѳ,1) блестеть,,
28,бахъандокI,бахъандо,кI,0,,h,ал,бахъандобакIал,ба,ийо,ца,а,удивлять кого-л.,,
29,бахъандолъ,бахъандо,лъ,0,,h,ал,бахъандобалъал,ба,ийо,ца,ѳ,удивляться,,
30,баълI,,,,,,ал,,,ойо,ос,а,однокр. поцеловать,,о
31,баьх,б,аьх,0,,s,аьл,бāьхаьл,бāьх,ийо,чаь,аь,копать лопатой,,
32,беже,,,III,ѳ- I  й- II,,ал,бежебāгъал // йежейāгьал,"бā,йā",ойо,ос,а,"1) беспокоить, не давать покоя 2) преследовать (во время течки",,о
33,белекI,,,,,,ал,,,ийо,ца,а,делать яловым,,
34,белелъ,,,,,,ал,,,ийо,ца,ѳ,"стать яловой, яловеть",,
35,бес,,,,,,ал,,,ийо,ца,ѳ,ткать (о ковре),,
37,бикдолъ,,,,,,ал,,,ийо,ца,ѳ,быть (стать) полным (широкоплечим),,
38,билIолдокI,,,,,,ал,,,ийо,ца,а,редко строить что-л. подобно дому,,
39,бицдокI,бицдо,кI,0,,h,ал,бицдобакIал,ба,ийо,ца,а,1) смягчить (о коже),,
40,бицдолъ,бицдо,лъ,0,,h,ал,бицдобалъал,ба,ийо,ца,ѳ,1) смягчиться (о коже),,
41,бичел,,,III,,,ал,йийачелал,йа,ло,ца,а,свежевать,,
42,боглакI,,,,,,ал,,,ийо,ца,а,совершить ночной намаз,,
43,боглалъ,,,,,,ал,,,ийо,ца,ѳ,"наступить (о ночи, времени ночного намаза)",,
44,бож,бо,ж,0,,h,ал,боважал,ва,ийо,ча,ѳ,верить кому-л.,,
45,болболI,,,,,,ал,,,ойо,ос,а,размазываться,,о
46,болI,,,,,,ал,,,ойо,ос,а,пахать,,о
47,болIобугъ,,,,,,ал,,,ойо,ос,о,"закончить пахоту, закончить пахать",,о
48,боцдокI,боцдо,кI,0,,h,ал,боцдобакIал,ба,ийо,ца,а,"ослеплять, слепить (глаза)",,
49,боцдолъ,боцдо,лъ,0,,h,ал,боцдобалъал,ба,ийо,ца,ѳ,"становиться слепым, ослепнуть",,
50,боьблаь,,,,,,аьл,,,аьйо,ш,аь,"подниматься, подойти (о дрожжевом тесте, о хлебе)",,
51,боькъоьндоькI,боькъоьндоь,кI,0,,s,аьл,боькъоьндоьбаькIал,баь,ийо,чаь,аь,выражать недовольство (смотреть злым взглядом исподлобья),,
52,боькъоьндоьлъ,боькъоьндоь,лъ,0,,s,аьл,боькъоьндоьбаьлъаьл,баь,ийо,чаь,ѳ,насупиться,,
53,боьлI,,,III,,,аьлI,йоьваьлIаьл,ваь,ийо,чаь,аь,"завернуть, заворачивать",,
55,боьтIоькI,боьтIоь,кI,0,,s,аьл,боьтIоьбаькIаьл,баь,ийо,чаь,аь,тупить,,
56,боьтIоьлъ,боьтIоь,лъ,0,,s,аьл,боьтIоьбаьлъаьл,баь,ийо,чаь,ѳ,становиться тупым,,
57,буьъ,буь,ъ,0,,s,аьл,буьваьъаьл,ваь,ийо,чаь,аь,уничтожать (вши),,
58,вагьлI,,,,,,ал,,,ойо,ос,о,однокр. ахнуть,,о
59,вайлI,,,,,,ал,,,ойо,ос,о,"однокр. охать, стонать",,о
60,ваьгълI,ваьгъ,лI,0,,s,аьл,ваьгъбаьлIаьл,баь,оьйо,оьш,оь,плакать (о ребенке),,оь
61,ваьрлI,ваьр,лI,0,,s,аьл,ваьрбалIаьл,ба,оьроь,оьч,оь,говорить,,оь
62,вишлIол,виш,лIол,0,,h,ал,вишбалIолал,ба,ло,ца,а,сопеть,,
63,гаййа,,,,,,ал,гаййаба/ал,ба,айо,с,а,1) медлить,,
64,гамлI,,,,,,ал,,,ойо,ос,о,бездельничать,,о
65,гаьмекI,гаьме,кI,0,,h,ал,гаьмебакIал,ба,ийо,ца,а,делать худым (тощим),,
66,гаьмелъ,гаьме,лъ,0,,h,ал,гаьмебалъал,ба,ийо,ца,ѳ,"худеть, истощаться",,
67,гейдокI,гейдо,кI,0,,h,ал,гейдобакIал,ба,ийо,ца,а,"1) делать овальным 2) перен. вылупить, вытаращить (глаза)",,
68,гейдолъ,гейдо,лъ,0,,h,ал,гейдобалъал,ба,ийо,ца,ѳ,1) быть (стать) овальным,,
69,герлI,гер,лI,0,,h,ал,гербалIал,ба,ойо,ос,о,ругать,,о
70,гилIк,гилI,к,0,,h,ал,гилIбакал,ба,ийо,ис,и,"сойти, выйти, выходить",,и
71,гисак,гиса,к,0,,h,ал,гисабакал,ба,ийо,ца,ѳ,выходить,,
72,гисакI,гиса,кI,0,,h,ал,гисабакIал,ба,ийо,ца,а,"выпускать, вывести на улицу",,
74,гитI,ги,тI,0,,h,ал,гийатIал,йа,ийо,ца,а,"лить, наливать",,
75,гих,ги,х,0,,h,ал,гийахал,йа,ейо,еш,а,"надевать, натягивая снизу вверх",,е
76,гихел,ги,хел,0,,h,ал,гийахелал,йа,ло,ца,а,"надевать на кого-л. (действие, направленное снизу вверх)",,
78,гицI,ги,цI,0,,h,ал,гийабацIал,йаба,ийо,ца,ѳ,1) втыкаться 2) влезать во что-л.,,
81,гомдокI,гомдо,кI,0,,h,ал,гомдобакIал,ба,ийо,ца,а,делать холмистым,,
82,гомдолъ,гомдо,лъ,0,,h,ал,гомдобалъал,ба,ийо,ца,ѳ,1) бугриться,,
83,гомордокI,гомордо,кI,0,,h,ал,гомордобакIал,ба,ийо,ца,а,"делать круглым, круглить",,
84,гомордолъ,гомордо,лъ,0,,h,ал,гомордобалъал,ба,ийо,ца,ѳ,круглеть,,
85,гот,го,т,0,,h,ал,говатал,ва,ойо,ос,а,"1) стлать, стелить",,о
87,гуглокI,,,,,,ал,,,ийо,ца,а,делать полутеплой (о воде),,
88,гуглолъ,,,,,,ал,,,ийо,ца,ѳ,становиться полутеплой (о воде),,
89,гукил,гу,кил,0,,h,ал,гувакилал,ва,ло,ца,а,"надевать на кого-л. (шапку, фуражку, шляпу, платок)",,
90,гукI,гу,кI,0,,h,ал,гувакIал,ва,ийо,ца,а,"надевать (шапку, фуражку, платок)",,
93,гуцI,гу,цI,1,,h,ал,гувацIал,ва,ойо,ос,а,"латать, зашивать дыру",,о
95,гуъ,гу,ъ,0,,h,ал,гуваъал,ва,ийо,ца,а,1) сыпать,,
96,гъайлI,гъай,лI,0,,h,ал,гъайбалIал,ба,ойо,ос,о,кипеть,,о
97,гъапIлI,,,,,,ал,,ба,ойо,ос,о,ворочаться,,о
98,гъацлI,гъац,лI,0,,h,ал,гъацбалIал,ба,ойо,ос,о,"1) быть (стать) очень густым, обильным (о ягодах, фруктах)",,о
99,гъаьгъаьтIоь,,,,,,аьл,гъаьгъаьтIоьбаькIаьл,баь,ийо,чаь,аь,мутить,,
100,гъаьгъаьтIоьлъ,гъаьгъаьтIоь,лъ,0,,s,аьл,гъаьгъаьтIоьбаьлъаьл,баь,ийо,чаь,ѳ,"мутнеть, мутиться",,
101,гъаьжебакI,,,,,,ал,,,ийо,ца,а,скалить,,
102,гъаьжекI,гъаьже,кI,0,,h,ал,гъаьжебакIал,ба,ийо,ца,а,унич. умерщвлять,,
103,гъаьжелъ,гъаьже,лъ,0,,h,ал,гъаьжебалъал,ба,ийо,ца,ѳ,"унич. умирать, дохнуть",,
104,гъаьйкI,гъаьй,кI,0,,s,аьл,гъаьйбаькIаьл,баь,ийо,ца,аь,1) гноить,,
105,гъаьйлъ,гъаьй,лъ,0,,s,аьл,гъаьйбаьлъаьл,баь,ийо,чаь,ѳ,"1) гнить, разлагаться",,
106,гъаьтIлI,,,,,,аьл,,,оьйо,оьш,оь,быть (стать) красивым,,оь
107,гъаьълI,,,,,,аьл,,,оьйо,оьш,аь,каркнуть,,оь
108,гъейа,,,,,,ал,гъейаба/ал,ба,айо,с,а,валяться,,
109,тохъ,,,I,гъел тихъал II  гъел тухъал III,,ал,гъел тувахъал,ва,ийо,ца,ѳ,"1) прислоняться, привалиться",,
110,гъес,гъе,с,0,,h,ал,гъейасал,йа,гъешейо,гъешеш,а,"закрывать, запирать",,е
111,гъешейцI,,,,,,ал,,,ийо,йа,ѳ,"закрываться, запираться (чуть-чуть, слегка)",,й
112,гъигъдокI,гъиг,ъдокI,0,,h,ал,гъигьдобакIал,ба,ийо,ца,а,делать приземистым,,
113,гъигъдолъ,гъигъдо,лъ,0,,h,ал,гъигъдобалъал,ба,ийо,ца,ѳ,стать (быть) приземистым,,
114,гъикълI,гъикъ,лI,0,,h,ал,гъикъбалIал,ба,ойо,ос,о,1) согнуться (под тяжестью) 2) трястись,,о
115,гъиракIдаба,,,,,,ал,,,айо,с,а,изъявлять желание,,
116,гъирлI,,,,,,ал,,,ойо,ос,о,"трястись, дрожать",,о
117,гъова,,,,,,ал,гъоваба/ал,ба,айо,с,а,рычать,,
118,гъодокI,гъодо,кI,0,,h,ал,гъодобакIал,ба,ийо,ца,а,горбить,,
119,гъодолъ,гъодо,лъ,0,,h,ал,гъодобалъал,лъ,ийо,ца,ѳ,"быть (стать) горбатым, горбиться",,
120,гъозолагь,,,,,,ал,,,иро,с,а,зевать (тляд.),,
121,гъолI,,,,,,ал,,,ойо,ос,а,рыдать,,о
122,гъугъдобакI,,,,,,ал,,,ийо,ца,а,посмотреть зло,,
123,гъугъдобалъ,,,,,,ал,,,ийо,ца,ѳ,злиться (выражать зло глазами),,
124,гъунусдолъ,гъунусдо,лъ,0,,h,ал,гъунусдобалъал,ба,ийо,ца,ѳ,становиться унылым,,
125,гьагьалI,гьагьа,лI,0,,h,ал,гьагьабалIал,ба,ойо,ос,о,"расхватать, купить на расхват",,о
126,гьагьлI,,,,,,ал,,,ойо,ос,а,однокр. 1) зевнуть,,о
127,гьадицI,гьади,цI,0,,h,ал,гьадибацIал,ба,ийо,ца,ѳ,потеть,,
128,гьайлI,гьай,лI,0,,h,ал,гьайбалIал,ба,ойо,ос,о,"шуметь, резвиться",,о
129,гьакокI,гьако,кI,0,,h,ал,гьакобакIал,ба,ийо,ца,а,задерживать,,
130,гьаколъ,гьако,лъ,0,,h,ал,гьакобалъал,ба,ийо,ца,ѳ,опаздывать,,
131,гьакI,гь,акI,0,,h,ал,гьāкIал,а,ийо,ца,а,"выбирать, подбирать",,
132,гьалалI,гьала,лI,0,,h,ал,гьалабалIал,ба,ойо,ос,о,чесаться,,о
133,гьалIодолъ,,,,,,ал,,,ийо,ца,ѳ,"1) стоять как вкопанный 2) быть (стать) удивленным (изумленным), удивляться, изумляться",,
134,гьацокI,гьацо,кI,0,,h,ал,гьацобакIал,ба,ийо,ца,а,"узнавать, прицеливаться",,
135,гьацолъ,гьацо,лъ,0,,h,ал,гьацобалъал,ба,ийо,ца,ѳ,"узнаваться, выясняться",,
136,гьаъ,гь,аъ,0,,h,ал,гьāъал,а,ойо,ос,а,молоть,,о
137,гьаьгьаьлоькI,гьаьгьаьлоь,кI,0,,h,ал,гьаьгьаьлоьбаькIал,баь,ийо,чаь,аь,раскалять,,
138,гьаьгьаьлоьлъ,гьаьгьаьлоь,лъ,0,,h,ал,гьаьгьаьлоьбаьлъал,баь,ийо,чаь,ѳ,раскаляться,,
139,гьаьгьекI,гьаьгье,кI,0,,h,ал,гьаьгьебакIал,ба,ийо,ца,а,"удивлять, 1) раздвигать (о досках на полу) 2) прорежать",,
140,гьаьгьелъ,гьаьгье,лъ,0,,h,ал,гьаьгьебалъал,ба,ийо,ца,ѳ,"удивляться, 1) расходиться (о досках на полу)",,
141,гьаьлдоькI,гьаьлдоь,кI,0,,s,аьл,гьаьлдоьваькIаьл,,ийо,чаь,аь,белить,,
142,гьаьлдоьлъ,гьаьлдоь,лъ,0,,s,аьл,гьаьлдоьбаьлъал,,ийо,чаь,ѳ,1) становиться белым,,
143,гьаьтек,гьаьте,к,0,,h,ал,гьаьтебакал,,ийо,ца,ѳ,1) опаздывать,,
144,гьаьтекI,гьаьте,кI,0,,h,ал,гьаьтебакIал,,ийо,ца,а,замедлять,,
145,гьаьтелъ,гьаьте,лъ,0,,h,ал,гьаьтебалъал,,ийо,ца,ѳ,1) опаздывать,,
146,гьаᴴвлI,,,,,,ал,,,ойо,ос,а,"однокр. лаять, гавкать",,о
147,гьел,гье,л,0,,h,ал,гьейалал,,ейо,еш,а,1. вариться,,е
148,гьелейцI,,,,,,ал,,,ийо,йа,ѳ,"вариться (чуть-чуть, слегка)",,й
149,гьелIакI,,,,,,ал,,,ийо,ца,а,"чесать, расчесывать (о шерсти)",,
150,гьелI,гье,лI,0,,h,ал,гьейалIал,,ейо,еш,е,найти общий язык с кем-л.,,е
151,гьикIлI,,,,,,ал,,,ойо,ос,а,однокр. икнуть,,о
152,гьислI,гьис,лI,0,,h,ал,гьисбалIал,,ойо,ос,а,1) натравливать (о собаке),,о
153,гьицак,гьица,к,0,,h,ал,гьицабакал,,ийо,ца,ѳ,"1) подходить близко, приближаться",,
154,гьицакI,гьица,кI,0,,h,ал,гьицабакIал,,ийо,ца,а,"приближать, продвигать вперед (близко к кому-чему-л.)",,
155,гьицлI,,,,,,ал,,,ойо,ос,а,однокр. чихнуть,,о
156,гьицIакъ,гьицIа,къ,0,,h,ал,гьицIабакъал,,ойо,ос,о,"пугаться, чувствовать испуг",,о
157,гьицI,гьи,цI,0,,h,ал,гьийабацIал,,гьичIейо,гьичIеш,0,бояться,,е
158,гьиᴴлъх,гьиᴴлъ,х,0,,h,ал,гьиᴴлъбахал,,ойо,ос,о,оставаться,,о
159,гьиᴴхлъ,гьиᴴх,лъ,0,,h,ал,гьиᴴхбалъал,,ойо,ос,о,оставаться,,о
162,гьоцакI,,,,,,ал,,,ийо,ца,а,делать вонючим,,
163,гьоцалъ,,,,,,ал,,,ийо,ца,ѳ,вонять (о пище),,
164,гьоъ,гьо,ъ,0,,h,ал,гьоваъал,,ойо,ос,о,мочь поднимать (и нести),,о
166,гьоъокьак,гьоъокьа,к,0,,h,ал,гьоъокьабакал,,ийо,ца,ѳ,"1) подняться, приподняться",,
167,гьоъокьакI,гьоъокьа,кI,0,,h,ал,гьоъокьабакIал,,ийо,ца,а,1) приподнять,,
169,лоькI,,,,,,аьл,гьоьгьоьлоьбаькIаьл,,ийо,чаь,аь,"1) рыхлить, взрыхлять",,
170,лоьлъ,,,,,,ал,гьоьгьоьлоьбаьлъаьл,,ийо,чаь,ѳ,1) становиться рыхлым (мягким),,
171,гьоьᴴгьоьᴴлI,,,,,,аьл,,,оьйо,оьш,аь,ржать,,оь
172,гьуᴴкьокI,гьуᴴкьо,кI,0,,h,ал,гьункьобакIал,,ийо,ца,а,"расширять, делать широким или шире, свободным или свободнее",,
173,гьуᴴкьолъ,гьуᴴкьо,лъ,0,,h,ал,гьункьобалъал,,ийо,ца,ѳ,"расширяться, становиться (стать) широким или шире, свободным или свободнее",,
174,дазлI,даз,лI,0,,h,ал,дазбалIал,,ойо,ос,о,болеть (о голове),,о
177,дахокI,дахо,кI,0,,h,ал,дахобакIал,,ийо,ца,ѳ,"делать тусклым (слабым, неярким)",,
178,дахолъ,дахо,лъ,0,,h,ал,дахобалъал,,ийо,ца,ѳ,"стать тусклым (слабым, неярким), тускнеть",,
179,даьгькI,даьгь,кI,0,,s,аьл,даьгьбаькIаьл,,ийо,ис,аь,уменьшать,,и
180,даьгьлъ,даьгь,лъ,0,,s,аьл,даьгьбаьлъал,,ийо,ис,и,уменьшаться,,и
181,даьрлI,даьр,лI,0,,s,аьл,даьрбаьлIаьл,,оьйо,оьш,оь,"много болтать, бесцельно разговаривать",,оь
184,дихълIолI,дихъ,лIолI,0,,h,ал,дихъбалIолал,,ло,ца,а,см. даьхълIаьлаьл,,
185,ди,д,и,0,,h,ал,дӣсбакIал,,ийо,ис/ца,а,увеличивать в числе,,и
187,дохъокI,дохъо,кI,0,,h,ал,дохъобакIал,,ийо,ца,а,делать смуглым,,
188,дохъолъ,дохъо,лъ,0,,h,ал,дохъобалъал,,ийо,ца,ѳ,"1) становиться смуглым, смуглеть",,
189,дугълI,дугъ,лI,0,,h,ал,дугъбалIал,,ойо,ос,о,мутнеть,,о
190,дузлI,дуз,лI,0,,h,ал,дузбалIал,,ойо,ос,о,"онеметь, отсидеть (о руке, ноге)",,о
191,жажалI,,,,,,ал,,,ойо,ос,о,1) принаряжаться 2) перен. выделяться среди других,,о
192,жапIлI,,,,,,ал,,,ойо,ос,о,"колыхаться, плескаться (о воде)",,о
193,жапIлIол,,,,,,ал,,,ло,ца,а,"колыхать, плескать (о воде)",,
194,жарлI,жар,лI,0,,h,ал,жарбалIал,,ойо,ос,о,звякать,,о
196,жоьжх,,,,,,аьл,,,ийо,ис,и,гноиться,,и
197,жуьжкI,жуьж,кI,0,,s,аьл,жуьжбаькIаьл,,ийо,чаь,аь,отделять,,
198,жуьжлъ,жуьж,лъ,0,,s,аьл,жуьжбаьлъаьл,,ийо,ис,и,отделяться,,и
199,жуьтIоьл,жуь,тIоьл,0,,s,аьл,жуьваьтIоьлаьл,,ло,ца,а,"дать простор, приволье",,
200,жуьхъ,жуь,хъ,0,,s,аьл,жуьваьхъаьл,,ийо,чаь,ѳ,1) учиться играть,,
201,жуьтIоь,,,,,,аьл,жуьтIоьжāьтIал,,ейо,еш,е,тесниться,,е
203,залъ,,,,,,ал,,,ийо,ца,ѳ,остывать,,
204,бо,,,III,,,вал,зарзи,,ойо,ос,ва,сильно ударить,,о
205,зиза,з,иза,0,,h,ал,зазаба/ал,,айо,с,а,1. жариться,,
206,зизилI,зизи,лI,0,,h,ал,зизибалIал,,ойо,ос,о,дрожать,,о
207,зик,,,,,,ал,жийабакал,,ейо,еш,е,хохотать,,е
208,жик,жи,к,0,,h,ал,жийабакал,,ейо,еш,е,хохотать,,е
209,зикъ,,,,,,ал,зикъзакъбалIолал,,ло,ца,а,"1) трястись, сотрясать 2) трясти, встряхивать 3) перен. пугать, запугивать, страшить",,
210,зис,зи,с,0,,h,ал,зийасал,,ийо,ца,а,сунуть,,
211,зихъ,зи,хъ,0,,h,ал,зийабахъал,,ойо,ос,о,"1) хмуриться, злиться",,о
213,зиъ,зи,ъ,0,,h,ал,зийаъал,,ойо,ос,о,быть невысоким (низким),,о
215,зогъ,зо,гъ,0,,h,ал,зовагъал,,ийо,ца,ѳ,"1) находиться, отыскиваться",,
217,зузуда,,,,,,ал,зузудаба/ал,,айо,с,а,жужжать,,
218,зукъ,зу,къ,0,,h,ал,зувакъал,,ойо,ос,о,"быть, находиться",,о
219,зукI,зу,кI,0,,h,ал,зувабакIал,,ийо,ца,а,"бить, колотить",,
220,акI,,,,,,ал,зукI-забāкIал,,ийо,ца,а,встряхивать,,
221,игъ,и,гъ,0,,h,ал,ийагъал,,ойо,ос,о,заживать,,о
223,илIакъ,и,лIакъ,0,,h,ал,ийалIакъал,,ойо,ос,а,см. йилIакъал,,о
224,илI,и,лI,0,,h,ал,ийабалIал,,ейо,еш,а,1) звать,,е
225,илIе,,,,,,аьл,,,ейо,еш,аь,"покричать, пошуметь",,е
226,исиъ,иси,ъ,0,,h,ал,исибаъал,,ийо,ца,а,"1) сеять, просеивать",,
227,итIнокI,итIно,кI,0,,h,ал,итIнобакIал,,ийо,ца,а,"1) уменьшать, преуменьшать",,
228,итIнолъ,итIно,лъ,0,,h,ал,итIнобалъал,,ийо,ца,ѳ,1) быть (стать) маленьким н (малым),,
229,ицлокI,ицло,кI,0,,h,ал,ицлобакIал,,ийо,ца,а,старить,,
230,ицлолъ,ицло,лъ,0,,h,ал,ицлобалъал,,ийо,ца,ѳ,"стареть, стариться",,
231,ицIкI,ицI,кI,0,,h,ал,ицIбакIал,,ийо,ис //ца,а,"обновлять, подновлять",,и
232,ицIлъ,ицI,лъ,0,,h,ал,ицIбалъал,,ийо,ис//-ца,ѳ,обновляться,,и
233,ичела,,,I,й- II,,ал,бичелаба/ал,,айо,с,а,"1) очищать, лущить",,
234,иᴴзок,иᴴзо,к,0,,h,ал,инзобакал,,ийо,ца,ѳ,"1) образоваться куче (стопке) 2) перен. увеличиваться, умножаться",,
235,йнзокI,,,,,,ал,инзобакIал,,ийо,ца,а,1) сложить в кучу (стопку),,
236,и,,,,,,ал,ӣнабакIал,,ийо,ца,а,"уменьшать, убавлять",,
238,йагъ,,,,ѳ- I  б- III,,ал,бāгъал // йāгъал,,ойо,ос,а,1) снимать (с кого-л. или с себя),,о
239,йагъогь,,,,ѳ- I  б- III,,ал,багъобагьал // йагьобагьал,,ийо,ца,а,косить,,
240,йагъойцI,,,,ѳ- I  б- III,,ал,багъойбацIал // йагъойбацIал,,ийо,ца,ѳ,"1) выниматься, вытаскиваться, извлекаться, выхватываться",,
241,йазихлъ,йазих,лъ,0,,h,ал,йазихбалъал,,ийо,ис,и,очутиться в бедственном или беспомощном состоянии,,и
242,йакъ,,,II IV,ѳ- I  б- III,,ал,бāкъал//йāкъал,,ойо,ос,а,"принести, привезти",,о
243,йакIих,,,II,ѳ- I,,ал,бāкIихал,,ийо,ца,ѳ,злиться,,
244,йатIакъ,,,,ѳ- I  б- III,,ал,батIабакъал // йатIабакъал,,ойо,ос,о,нравиться,,о
245,йатI,,,,ѳ- I  б- III,,ал,бāтIал//йāтIал,,ийо,ца,ѳ,"1) любить, влюбляться",,
246,йахъ,,,II IV,ѳ- I  б- III,,ал,бāхъал // йāхъал,,ийо,ца,ѳ,"1) бывать, случаться",,
247,йаьб,аь,б,1,ѳ- I  б- III,s,аьл,йāьбал,,ейо,еш,е,1) опухать,,е
249,йаьгъ,,,,ѳ- I  б- III,,аьл,бāьгъаьл // йāьгъаьл,,ейо,еш,е,1) расколоться,,е
250,йаьгъел,,,,ѳ- I  б- III,,ал,бāьгъелал // йāьгъелал,,ло,ца,а,колоть,,
251,йаьгъиъ,,,,ѳ- I  б- III,,ал,баьгъбаьъаьл // йаьгъбаьъаьл,,ийо,чаь,ѳ,"1) вставать, подниматься",,
252,йаькъкI,аькъ,кI,1,ѳ- I  б- III,s,аьл,йаькъбаькIаьл,,ийо,ис/-чаь,аь,"делать тяжелым, утяжелять",,и
253,йаькълъ,,,,ѳ- I  б- III,,аьл,баькъбаьлъаьл//йаькъбаьлъаьл,,ийо,ис/-чаь,и,"1) быть (стать) тяжелым, тяжелеть, утяжеляться",,и
254,йаькь,аь,кь,1,ѳ- I  б- III,s,аьл,йāьбаькьаьл,,ейо,еш,е,"говорить, разговаривать, беседовать",,е
255,йаькьел,,,,ѳ- I  б- III,,ал,бāьбаькьелал // йāьбаькьелал,,ло,ца,а,"1) бить, колотить, пороть, сечь",,
256,йаьх,,,,ѳ- I  б- III,,аьл,бāьхаьл // йāьхаьл,,ейо,еш,е,рваться,,е
257,йаьхел,аь,хел,1,б- III,h,ал,йāьбаьхелал,,ло,ца,а,1) рвать,,
258,йаьчI,,,,,,ал,баьчI-бихбакIал,,ийо,ис,а,"знобить, лихорадить",,и
260,йаьчIкI,,,,ѳ- I  б- III,,аьл,баьчIбаькIаьл // йаьчIбаькIаьл,,ийо,ис // -чаь,аь,охлаждать,,и
261,йаьчIлъ,,,II IV,ѳ- I  б- III,,аьл,баьчIбаьлъаьл // йаьчIбаьлъаьл,,ийо,ис/-чаь,и,"1) мерзнуть, зябнуть",,и
262,йаьлIлI,,,II IV,ѳ- I  б- III,,аьл,баьчIбаьлъаьл // йаьчIбаьлъаьл,,ийо,ис/-чаь,и,"1) мерзнуть, зябнуть",,и
263,йаᴴз,аᴴ,з,1,м- III,h,ал,йāᴴзал,,ойо,ос,о,,,о
264,йаᴴк,аᴴ,к,1,ѳ- I  м- III,h,ал,йāᴴкал,,ийо,ца,а,развязывать,,
265,йаᴴкогь,,,,ѳ- I  м- III,,ал,макобагьал // йанкобагьал,,ийо,ца,а,"1) бить, колотить, лупить 2) натягивать на колодку",,
266,йаᴴкъойцI,аᴴкъой,цI,1,ѳ- I  м- III,h,ал,йаᴴкъойбацIал // макъойбацIал,,ойо,ос,о,выпрямляться,,о
268,йаᴴса,,,,ѳ- I  м- III,,ал,йаᴴсаба/ал // масаба/ал,,айо,с,а,1) весить,,
269,йаᴴсолъ,,,II,ѳ- I  м- III,,ал,масобалъал,,ийо,ца,ѳ,"закружиться (о голове при виде бездны, высоты)",,
270,йаᴴц,аᴴ,ц,1,ѳ- I  м- III,h,ал,йāᴴцал // мāцал,,ойо,ос,о,"1) чиститься, очищаться",,о
271,йаᴴцо,,,,ѳ- I  м- III,,ал,йаᴴцо-йувакал,,ийо,ца,0,1) чиститься,,
273,йаᴴцI,,,,,,ал,мāбацIал,,ойо,ос,о,"светиться перед кем-л., появляться, выделяться",,о
274,йаьᴴхъ,аьᴴ,хъ,1,ѳ- I  м- III,s,аьл,йāьᴴхъаьл,,ейо,еш,аь,шить,,е
275,йаьᴴч,аьᴴ,ч,1,ѳ- I  м- III,s,аьл,йāьᴴчаьл // мāьчаьл,,ейо,еш,аь,лизать,,е
276,йаьᴴшекI,аьᴴше,кI,1,ѳ- I  м- III,h,ал,йаьᴴшебакIал // маьшебакIал,,ийо,ца,а,1) укорачивать,,
277,йаьᴴшелъ,аьᴴше,лъ,1,ѳ- I  м- III,h,ал,йаьᴴшебалъал // маьшебалъал,,ийо,ца,ѳ,1) быть (стать) коротким или короче,,
278,йегайцI,,,,ѳ- I  б- III,,ал,бегабайцIал,,ийо,ца,ѳ,видеть мельком,,
279,йегал,,,,ѳ- I  б- III,,ал,бегабалал // йегабалал,,ло,ца,а,показывать,,
280,йега,,,,ѳ- I  б- III,,ал,бегаба/ал // йегаба/ал,,айо,с,а,"1) виднеться, быть видным (издалека)",,
281,йегъакI,,,,ѳ- I  б- III,,ал,бегъабакIал // йегъабакIал,,ийо,ца,а,1) выращивать,,
282,йегъ,,,II,ѳ- I  б- III,,ал,бейагъал // йейагъал,,ийо,ца,ѳ,драться,,
283,йед,е,д,1,,h,ал,йейадал,,ийо,ца,ѳ,"1) гаснуть, тухнуть",,
284,йеже,,,II,ѳ- I  б- III,,ал,бежебāгъал,,ойо,ос,а,"1) беспокоить, не давать покоя",,о
285,йежейцI,,,II,ѳ- I,,ал,бежейбацIал,,ийо,ца,ѳ,(по)хвастаться,,
286,йез,,,II IV,ѳ- I  б- III,,ал,бейазал // йейазал,,йежейо,йежеш,йеза,"водить, носить",,й
287,йек,,,,ѳ- I  б- III,,ал,бейакал // йейакал,,ийо,ца,ѳ,1) падать,,
288,йекI,,,,ѳ- I  б- III,,ал,бейакIал // йейакIал,,ейо,еш,е,1) гореть,,е
290,йекIейхъ,,,II,ѳI,,ал,бекIейбахъал,,ийо,ца,ѳ,1) сильно согреваться 2) перен. гореть желанием что-л. делать (сказать),,
291,йекIел,,,,ѳ- I  б- III,,ал,бейакIелал // йейакIелал,,ло,ца,а,"1) жечь, сжигать",,
292,йес,,,II,ѳ- I  б- III,,ал,бесал // бейасал,,ийо,ца,ѳ,"есть, питаться",,
293,йеш,,,II,ѳ- I  б- III,,ал,бесал // бейасал,,ийо,ца,ѳ,1) есть,,
294,йетеницI,,,,,,ал,,,ийо,ца,ѳ,покрываться пятнами (от испуга),,
295,йец,,,II IV,ѳ- I  б- III,,ал,бейацал // йейацал,,йечейо,йечеш,йече,останавливаться,,й
296,йецокьак,,,,ѳ- I  б- III,,ал,бецокьабакал,,ийо,ца,ѳ,"стоять, висеть отвесно, занимать вертикальное положение",,
297,йецокьакI,,,,ѳ- I  б- III,,ал,бецокьабакIал,,ийо,ца,а,поставить вертикально,,
298,йецIиъ,,,,,,ал,,,ийо,ца,а,"веять, очищать от мякины и сора",,
299,йечанней,,,,ѳ- I  б- III,,ал,бечабаннейал // йечабаннейал,,ейо,ес,а,"оставить, оставлять",,е
300,йечел,,,,ѳ- I  б- III,,ал,бейачелал // йейачелал,,ло,ца,а,1) останавливать,,
301,йече,,,II,ѳ- I,,аьл,бечехāьлIаьл,,ейо,еш,аь,"оставаться, обосноваться",,е
302,йеᴴгь,еᴴ,гь,1,м- III,h,ал,йеᴴйагьал,,ейо,еш,а,"открывать, раскрывать, распахивать",,е
305,йеᴴ,,,,ѳ- I  м- III,,йал,мейагьал // йенйагьал,,ейо,еш,йа,1) отпустить: охийо сукIо энйал отпустить задержанного,,е
306,йеᴴкь,еᴴ,кь,1,ѳ- I  м- III,h,ал,йеᴴйакьал // мейакьал,,ейо,еш,е,"1) идти, ходить",,е
307,йеᴴлъ,еᴴ,лъ,1,ѳ- I  м- III,h,ал,йеᴴйалъал,,ейо,еш,е,"становиться ровным, выровняться",,е
310,йеᴴтел,еᴴ,тел,1,м- III,h,ал,йеᴴйателал,,ло,ца,а,съесть много (чего-л.),,
311,йеᴴх,,,,ѳ- I  м- III,,ал,мехал // мейахал,,ейо,еш,е,1) касаться когочего-л.,,е
312,йеᴴхел,еᴴ,хел,1,ѳ- I  м- III,h,ал,йеᴴйахелал // мейахелал,,ло,ца,а,1. 1) трогать,,
313,йеᴴхетIокI,еᴴхетIо,кI,1,м- III,h,ал,йеᴴхетIовакIал,,ийо,ца,а,делать липким,,
314,йеᴴхетIолъ,еᴴхетIо,лъ,1,м- III,h,ал,йеᴴхетIовалъал,,ийо,ца,ѳ,стать липким,,
315,йеᴴхец,,,II,ѳ- I  м- III,,ал,мехец-мехал // мехец-мейахал,,ейо,еш,е,"1) коснуться, трогать (чуть-чуть)",,е
316,йеᴴццак,еᴴцца,к,1,ѳ- I  м- III,h,ал,йеᴴццабакал // меццабакал,,ийо,ца,ѳ,1) вырываться,,
317,йеᴴццакI,еᴴцца,кI,1,ѳ- I  м- III,h,ал,йеᴴццабакIал // меццабакIал,,ийо,ца,а,отпускать,,
318,йига,,,IV,,,ал,йигаба/ал,,айо,с,а,"соединять две части (доски, бревна)",,
319,йигъа,,,IV,,,ал,йигъайувакIал,,ийо,ца,ѳ,непер. засучиваться,,
320,йигь,йи,гь,0,,h,ал,йийагьал,,ийо,ца,ѳ,бродить,,
321,йижейцI,,,II,ѳ- I,,ал,бижейбацIал,,ийо,ца,ѳ,хвастаться,,
322,йижекъол,,,,ѳ- I  б- III,,ал,бийажекъолал // йийажекъолал,,ло,ца,а,1) увеличивать,,
323,йижел,,,,,,ал,мн.,,ло,ца,а,1) помогать победить (побеждать) 2) помочь выиграть,,
324,йиз,,,II IV,ѳ- I  б- III,,ал,бийазал,,йижейо,йижеш,йиже,побеждать,,й
325,йий,,,IV,,,ал,йийагьал,,йӣйо,йӣс,йигь,"поспеть, дойти до готовности",,й
326,йикъ,,,,ѳ- I  б- III,,ал,бийакъал // йийакъал,,ейо,еш,е,знать,,е
328,йикъел,,,,ѳ- I  б- III,,ал,бийакъелал // йийекъалал,,ло,ца,а,1) узнавать,,
329,йикълаьш,,,,ѳ- I  б- III,,аьл,бикълаьбаьшаьл // йикълаьбаьшаьл,,ейо,еш,е,"говорить, разговаривать",,е
330,йикьакъ,икьа,къ,1,б- III,h,ал,йикьабакъал,,ойо,ос,о,"кончать, завершать",,о
331,йикь,,,,ѳ- I  б- III,,ал,бийакьал // йийакьал,,ейо,еш,а,1) бросать,,е
333,йилIакъ,,,,ѳ- I  б- III,,ал,билIабакъал//йилIабакъал,,ойо,ос,о,"1) закрепляться 2) стать твердым, твердеть",,о
334,йилIакъол,,,,ѳ- I  б- III,,ал,билIабакъолал // йилIабакъолал,,ло,ца,а,"1) крепить, закреплять",,
335,йилIалъ,илIа,лъ,1,ѳ- I  б- III,h,ал,йилIабалъал,,ийо,ца,ѳ,"1) стать твердым, затвердеть",,
336,йилIк,йилI,к,0,,h,ал,йилIбакал,,ийо,ис,и,сбежать (о молоке),,и
337,йис,,,II IV,ѳ- I  б- III,,ал,бийасал // йийасал,,йишейо,йишеш,йише,ломаться,,й
338,йитI,,,,ѳ- I  б- III,,ал,бийатIал // йийатIал,,ийо,ца,а,1. делиться,,
341,йихалокI,,,,ѳ- I  б- III,,ал,бихалобакIал,,ийо,ца,а,1) удлинять,,
342,йихалолъ,,,,ѳ- I  б- III,,ал,бихалобалъал,,ийо,ца,ѳ,1) быть (стать) долгим (длинным),,
343,йихкI,,,,ѳ- I  б- III,,ал,бихбакIал // йихбакIал,,ийо,ис/-ца,а,1) греть,,и
344,йихлъ,,,,ѳ- I  б- III,,ал,бихбалъал // йихбалъал,,ийо,ис/-ца,и,"1) согреться, нагреваться",,и
346,йиц,,,,иц-энхал I  бицмехал III,,ал,биц-мейахал // йицйенйахал,,ейо,еш,е,раздавиться,,е
348,йишел,,,,ѳ- I  б- III,,ал,бийашелал // йийашелал,,ло,ца,а,ломать,,
349,йиᴴлIуцI,иᴴлIу,цI,1,ѳ- I  м- III,h,ал,йиᴴлIубацI,,ийо,ца,ѳ,приклеиваться,,
350,йиᴴс,иᴴ,с,1,ѳ- I  м- III,h,ал,йиᴴйасал // мийасал,,ойо,ос,а,1. продаваться,,о
351,йиᴴсо,,,,м- III,,аьл,йиᴴсо-хуьваьжаьл,,оьйо,оьш,аь,1. торговаться 2. торговать,,оь
353,йиᴴхъ,иᴴ,хъ,1,ѳ- I  м- III,h,ал,йиᴴйахъал // мийахъал,,ойо,ос,о,1) находить,,о
355,йиᴴхъойцI,иᴴхъой,цI,1,м- III,h,ал,йиᴴхъойбацIал,,ийо,ца,ѳ,1) прикрываться,,
358,йиᴴц,иᴴ,ц,1,ѳ- I  м- III,h,ал,йиᴴйацал // мийацал,,ойо,ос,а,"1) связать, завязать, обвязать",,о
359,йиᴴъал,иᴴъа,л,1,ѳ- I  м- III,h,ал,йиᴴъабалал // миъабалал,,ло,ца,а,мочить,,
360,йиᴴъа,,,,ѳ- I  м- III,,ал,йиᴴъаба/ал // миъаба/ал,,айо,с,а,мокнуть,,
361,йо,,,,ѳ- I  б- III,,вал,бовагьал // йовагьал,,ойо,ос,ва,в разн. знач. 1) делать,,о
362,йогицI,,,,ѳ- I  б- III,,ал,богибацIал // йогибацIал,,ийо,ца,ѳ,1) прыгать,,
363,йогъ,,,II,ѳ- I  б- III,,ал,бовагъал // йовагъал,,ойо,ос,а,"кормить, давать корм",,о
364,йокч,,,,ѳ- I  б- III,,ал,бовакчал // йовакчал,,ийо,иш,а,"брать, взять, получать",,и
365,йокI,,,,ѳ- I  б- III,,ал,бокIал // бовакIал // йовакIал,,ийо,ца,а,"1) брать, взять",,
366,йокIол,,,,ѳ- I  б- III,,ал,бовакIолал // йовакIолал,,ло,ца,а,1) собирать,,
367,йол,о,л,1,,h,ал,йовалал,,ло,ца,а,1) молотить,,
368,йолъ,,,,ѳ- I  б- III,,ал,бовалъал // йовалъал,,ойо,ос,о,"1) разойтись, развестись",,о
369,йолъол,,,,ѳ- I  б- III,,ал,бовалъолал // йовалъолал,,ло,ца,а,1) убирать,,
370,йох,,,,ѳ- I  б- III,,ал,бовахал // йовахал,,ийо,ца,а,1) прям. и перен. держать,,
371,йохойцI,,,,ѳ- I  б- III,,ал,бохойбацIал // йохойбацIал,,ийо,ца,ѳ,висеть,,
372,йохол,,,,ѳ- I  б- III,,ал,бовахолал // йовахолал,,ло,ца,а,"вешать, повесить",,
375,йоц,о,ц,1,б- III,h,ал,йовацал,,ийо,ца,ѳ,меситься,,
376,йоцI,,,II IV,ѳ- I  б- III,,ал,бовацIал // йовацIал,,ийо,ца,ѳ,1) заполняться,,
379,йоъ,,,,ѳ- I  б- III,,ал,боваъал // йоваъал,,ийо,ца,ѳ,"теряться, утрачиваться",,
380,йоъойцI,,,,ѳ- I  б- III,,ал,боъойбацIал // йоъойбацIал,,ийо,ца,ѳ,"погружаться, окунаться",,
381,йоьгъ,,,,ѳ- I  б- III,,аьл,боьгъ-боьваькIаьл // йоьгъ-йоьваькIаьл,,оьйоь,оьш,оь,"1) гнуться, сгибаться",,оь
383,йоькькьаькI,йоькькьаь,кI,0,,s,аьл,йоькькьаьбаькIаьл,,ийо,чаь,аь,уменьшать,,
384,йоькькьаьлъ,йоькькьаь,лъ,0,,s,аьл,йоькькьаьбаьлъал,,ийо,чаь,ѳ,уменьшаться,,
385,йоьлI,йоь,лI,0,,s,аьл,йоьваьлIаьл,,ийо,чаь,аь,"завернуть, заворачивать",,
386,йоьх,оь,х,1,б- III,s,аьл,йоьваьхаьл,,ийо,чаь,аь,набрать ведром,,
387,йоьч,,,II,ѳ- I  б- III,,аьл,боьваьчаьл // йоьваьчаьл,,оьйо,оьш,оь,1) уходить,,оь
388,йоьчIоькI,,,,ѳ- I  б- III,,аьл,боьчIоьбаькIаьл // йоьчIоьбаькIаьл,,ийо,чаь,аь,"1) делать пустым, опорожнять",,
389,йоьчIоьлъ,,,II,ѳ- I  б- III,,аьл,боьчIоьбаьлъаьл // йоьчIоьбаьлъаьл,,ийо,чаь,ѳ,"1) стать пустым, пустеть",,
390,йоьш,,,,ѳ- I  б- III,,аьл,боьваьшаьл // йоьваьшаьл,,оьйо,оьш,оь,"1) жиреть, тучнеть",,оь
391,йоьшоьл,,,,ѳ- I  б- III,,аьл,боьваьшоьлаьл // йоьваьшоьлаьл,,лоь,чаь,аь,"делать жирным (тучным,  174 упитанным)",,
392,йоᴴз,оᴴ,з,1,м- III,h,ал,йоᴴвазал,,ийо,ца,а,собирать,,
393,йоᴴкъ,оᴴ,къ,1,ѳ- I  м- III,h,ал,йоᴴвакъал // мовакъал,,ойо,ос,о/-а,"1) выйти, выходить",,о
394,йоᴴкъойхъ,оᴴкъой,хъ,1,ѳ- I  м- III,h,ал,йоᴴкъойбахъал,,ийо,ца,ѳ,"1) дотрагиваться, касаться",,
396,йоᴴкьол,,,II,ѳ- I,,ал,мовакьолал,,ло,ца,а,1) ощипывать кого-что-л.,,
397,йоᴴс,оᴴ,с,1,м- III,h,ал,йоᴴвасал // мовасал,,ойо,ос,а,складывать,,о
400,йоᴴтI,,,II,ѳ- I  м- III,,ал,моватIал,,ойо,ос,а,"1) обманывать, надувать",,о
402,йоᴴтIо,,,II,ѳ- I  м- III,,ал,мотIо-кāтIал,,ойо,ос,а,обжулить,,о
403,йоьᴴваьш,,,,,,аьл,,,ийо,чаь,ѳ,"течь, вытекать",,
404,йоьᴴтI,оьᴴ,тI,1,м- III,s,аьл,йоьᴴваьтIаьл,,оьйо,оьш,аь,копать,,оь
405,йоьᴴшоьйцI,оьᴴшоьй,цI,1,м- III,h,ал,йоьᴴшоьйбацIал,,ийо,ца,ѳ,"пороться, распарываться",,
406,йугъ,,,,ѳ- I  б- III,,ал,бувагъал//йувагъал,,ойо,ос,о,скончаться,,о
407,йук,йу,к,0,,h,ал,йувакал,,ийо,ца,ѳ,линять (о ткани),,
408,йукил,,,,ѳ- I  б- III,,ал,бувакилал // йувакилал,,ло,ца,а,укладывать,,
409,йукъагъāк,,,II,ѳ- I,,ал,букъагъабāкал,,ийо,ца,ѳ,"становиться высокомерным, гордым, спесивым",,
410,йукъикIа,,,II,ѳ- I,,ал,букъикIаба/ал,,айо,с,а,"жаловаться, выражая обиду на кого-л., обижаться",,
411,йукъкI,,,,ѳ- I  б- III,,ал,букъбакIал // йукъбакIал,,ийо,ис/-ца,177 а,1) растить,,и
412,йукълъ,,,,0- I  б- III,,ал,букъбалъал // йукъбалъал,,ийо,ис/-ца,и //-ѳ,1) расти,,и
413,йукI,у,кI,1,б- III,h,ал,йувакIал,,ийо,ца,ѳ,ломаться,,
414,йутI,,,,ѳ- I  б- III,,ал,буватIал // йуватIал,,ийо,ца,ѳ,лежать на ч,,
416,йуьв,,,IV,,,аьл,,,оьйо,оьш,аь,"жать, собирать урожай ячменя или пшеницы (руками)",,оь
418,йуь,,,IV,ѳ- I,,ваьл,,,йӯьйоь,йӯьш,йуьвоь,грызть зубами,,й
419,йуьвоьл,,,II,ѳ- I  б- III,,аьл,буьваьгьоьлаьл // йуьваьгьоьлаьл,,лоь,чаь,аь,наносить поражение,,
420,йуькь,уь,кь,1,б- III,s,аьл,йуьваькьаьл,,ийо,чаь,ѳ,1) рваться,,
421,йуьчāьх,,,II,ѳ- I  б- III,,аьл,буьчаьбāьхаьл//йуьчаьбāьхаьл,,ейо,еш,е,"спать, засыпать",,е
422,йуьчāьхийцI,,,II,ѳ- I,,ал,буьчаьбāьхийцIал,,ийо,ца,ѳ,дремать,,
423,йуьчI,уь,чI,1,ѳ- I  б- III,s,аьл,йуьваьчIаьл//буьваьчIаьл,,ийо,чаь,аь,1) резать,,
426,йуьш,уь,ш,1,б- III,s,аьл,йуьваьшаьл,,ийо,чаь,ѳ,1) падать,,
428,йуᴴх,уᴴ,х,1,ѳ- I  м- III,h,ал,йуᴴвахал // мувахал,,ойо,ос,а,резать (скот),,о
429,йуᴴц,уᴴ,ц,1,м- III,h,ал,йуᴴвацал,,ойо,ос,о,1) таять,,о
432,къ,,,,ѳ- I  м- III,,аьл,йуьᴴваькъаьл // муьваькъаьл,,оьйо,оьш,оь,гнуться,,оь
437,йуьᴴлъ,уьᴴ,лъ,1,ѳ- I  м- III,s,аьл,йуьᴴваьлъаьл // муьваьлъаьл,,ийо,чаь,ѳ,"становиться сухим, вытереться",,
438,йуьᴴхоьлъ,,,II,ѳ- I,,аьл,мухоьбаьлъаьл,,ийо,чаь,ѳ,начинаться чемул.,,
439,йуьᴴхъ,уьᴴ,хъ,1,ѳ- I  м- III,s,аьл,йуьнваьхъаьл // муьваьхъаьл,,ийо,чаь,аь,"есть, питаться",,
441,йуьᴴхъаьл,,,IV,,,ал,,,ойо,ос,а,"питаться (букв. кушать, есть-пить)",,о
442,какалокI,какало,кI,0,,h,ал,какалобакIал,,ийо,ца,а,скоблить,,
443,какалолъ,какало,лъ,0,,h,ал,какалобалъал,,ийо,ца,ѳ,"стать (быть) обтесанным, (соскобленным)",,
445,ках,к,ах,0,,h,ал,кāхал,,ийо,ца,а,"1) массажировать, массировать",,
446,каьмаь,,,,,,аьл,,,аьйо,ш,аь,плесневеть,,
447,каьмāьлъ,,,,,,аьл,,,ийо,чаь,ѳ,начинать плесневеть,,
448,каьчекI,каьче,кI,0,,h,ал,каьчебакIал,,ийо,ца,а,делать светлым,,
449,каьчелъ,каьче,лъ,0,,h,ал,каьчебалъал,,ийо,ца,а,1) светать,,
450,келекI,кел,екI,0,,h,ал,келабакIал,,ийо,ца,а,1) изнашивать до ветхости,,
451,келелъ,келе,лъ,0,,h,ал,келебалъал,,ийо,ца,ѳ,"ветшать, становиться ветхим, приходить в ветхость",,
452,кес,ке,с,0,,h,ал,кейасал,,кешейо,кешеш,а,разматывать,,е
453,кешдокI,кешдо,кI,0,,h,ал,кешдобакIал,,ийо,ца,а,"1) делать пестрым, пестрить",,
454,кешдолъ,кешдо,лъ,0,,h,ал,кешдобалъал,,ийо,ца,ѳ,"1) становиться пестрым, пестреть",,
455,кеше,кеш,е,0,,s,аьл,кеша-йоьнваьшаьл,,оьйо,оьш,оь,1) распускаться,,оь
456,кешейцI,кешей,цI,0,,h,ал,кешейбацIал,,ийо,ца,ѳ,распускаться,,
457,кик,,,,,,ал,,,ийо,ца,ѳ,"размягчаться, смягчаться (о соломе при молотьбе)",,
458,киккI,кик,кI,0,,h,ал,кикбакIал,,ийо,ис/ца,а,"облегчать, делать легким или легче",,и
459,киклъ,кик,лъ,0,,h,ал,кикбалъал,,ийо,ис/-ца,ѳ,быть (стать) легким или легче,,и
460,китā,,,,,,л,,,ро,ц,ø,стать мозолистым с болячками (от физического труда) (хаш.),,ц
461,кодокI,кодо,кI,0,,h,ал,кодобакIал,,ийо,ца,а,отращивать (о волосах)  мед.  192,,
462,кодолъ,кодо,лъ,0,,h,ал,кодобалъал,,ийо,ца,ѳ,обрастать,,
463,колI,,,,,,аьл,,,оьйо,оьш,оь,темнеть,,оь
464,колIкI,колI,кI,0,,h,ал,колIбакIал,,ийо,ис/ца,а,темнить,,и
465,колIлI,,,,,,ал,,,ийо,ис,и,"темнеть, стать темными или темнее, темнеться",,и
466,коᴴлI,,,,,,ал,,,ойо,ос,а,"выть, поднять вой, бацIи конлъос волк воет",,о
467,кук,ку,к,0,,h,ал,кувакал,,ойо,ос,а,"твердить одно и то же, говорить все время о чем-то",,о
468,кусуъ,кусу,ъ,0,,h,ал,кусубаъал,,ийо,ца,а,"1) брить, бриться",,
469,куьчдоьлъ,куьчдоь,лъ,0,,s,аьл,куьчдоьбаьлъаьл,,ийо,чаь,ѳ,смотреть угрожающе (агрессивно),,
470,куьшлI,,,,,,аьл,,,оьйо,оьш,оь,порошить,,оь
471,къапIлI,къапI,лI,0,,h,ал,къапIбалIал,,ойо,ос,о,ругаться,,о
472,къарлI,къар,лI,0,,h,ал,къарбалIал,,ойо,ос,о,"бурчать, урчать",,о
473,къацIок,къацIо,к,0,,h,ал,къацIобакал,,ийо,ца,ѳ,"собираться, сходиться",,
474,къацIокI,къацIо,кI,0,,h,ал,къацIобакIал,,ийо,ца,а,собирать кого-что-л. в одном месте (в одну кучу),,
475,къаькъаьлоькI,къаькъаьлоь,кI,0,,s,аьл,къаькъаьлоьбаькIаьл,,ийо,чаь,аь,делать худым (тощим),,
476,къаькъаьлоьлъ,къаькъаьлоь,лъ,0,,s,аьл,къаькъаьлоьбаьлъаьл,,ийо,чаь,ѳ,"худеть, быть (стать) худым (худощавым)",,
477,къаьлIлI,къ,аьлIлI,0,,s,аьл,къāьлIлIаьл,,оьйо,оьш,аь,тесать,,оь
478,къаьтлI,къ,аьтлI,0,,s,аьл,къāьлIлIаьл,,оьйо,оьш,аь,тесать,,оь
479,къаьтекI,къаьте,кI,0,,h,ал,къаьтебакIал,,ийо,ца,а,складывать (сложить) аккуратно,,
480,къаьшиндокI,,,,,,ал,,,ийо,ца,а,делать хрустящим (хрустким),,
481,къаьшиндолъ,,,,,,ал,,,ийо,ца,ѳ,"становиться хрустящим, хрустеть",,
482,къāцI,,,,,,ал,,,ийо,ца,а,есть большими порциями (много),,
483,къекъекI,къекъе,кI,0,,h,ал,къекъебакIал,,ийо,ца,а,расширять что-л.,,
484,къекъелъ,къекъ,елъ,0,,h,ал,къекъабалъал,,ийо,ца,ѳ,расширяться,,
485,къелI,,,,,,ал,,,ейо,еш,а,"напиваться, много пить чего-л.",,е
486,къикъилI,къикъи,лI,0,,h,ал,къикъибалIал,,ойо,ос,о,1) дрожать,,о
488,къисбалI,,,,,,ал,,,ойо,ос,ѳ,мн. скрипеть,,о
489,къисбалIол,,,,,,ал,,,ло,ца,а,"мн. скрипеть, скрежетать",,
490,къицIкI,къицI,кI,0,,h,ал,къицIбакIал,,ийо,ис//-ца,а,"1) делать ровным, разровнять",,и
491,къицIлъ,къицI,лъ,0,,h,ал,къицIбалъал,,ийо,ис//-ца,и,"1) стать ровным, выровняться",,и
492,къокъ,къо,къ,0,,h,ал,къовакъал,,ойо,ос,о,1) портиться,,о
494,къокъолIол,къокъо,лIол,0,,h,ал,къокъобалIолал,,ло,ца,а,гоняться за курицей (о петухе),,
495,къолI,,,,,,ал,,,ойо,ос,а,толкать,,о
496,къоькъилокI,,,,аьл,,къоькъилобакIал,ийо,,ца,а,делать жестким,,,а
497,къоькълоькI,къоькъ,лоькI,0,,s,аьл,къоькъилобакIал,,ийо,ца,а,делать жестким,,
498,къоькъилолъ,,,,ал,,къоькъилобалъал,ийо,,ца,ѳ,стать (становиться) жестким,,,ѳ
499,къоькълоьлъ,къоькъ,лоьлъ,0,,s,аьл,къоькъилобалъал,,ийо,ца,ѳ,стать (становиться) жестким,,
500,къоьпIлIоьл,,,,,,аьл,,,лоь,чаь,аь,"стучать, ударять",,
501,къоьрлIоьл,къоьр,лIоьл,0,,s,аьл,къоьрбаьлIоьлаьл,,лоь,чаь,аь,"издеваться, обижать, глумиться",,
502,къукъ,къу,къ,0,,h,ал,къувакъал,,ойо,ос,а,1) тереть,,о
503,къуькъ,къуь,къ,0,,s,аьл,къуьваькъаьл,,оьйо,оьш,аь,"трамбовать, запихивать",,оь
505,кьакьалолъ,кьакьало,лъ,0,,h,ал,кьакьалобалъал,,ийо,ца,ѳ,"быть (стать) ветхим, обветшать (об одежде), изнашиваться",,
506,кьаълI,кьаъ,лI,0,,h,ал,кьаъбалIал,,ойо,ос,о,"скрипеть (о бревнах, качелях)",,о
507,кьаьйкъ,кьаьй,къ,0,,s,аьл,кьаьйбаькъаьл,,ейо,еш,е,сесть (на лошадь),,е
508,кьаькълIоьл,кьаькъ,лIоьл,0,,s,аьл,кьаькъбаьлIоьлаьл,,лоь,чаь,аь,"издавать звук хлопка, хлопнуть",,
509,кьаьпIлIоьл,,,,,,аьл,,,лоь,чаь,аь,чавкать,,
510,кьаьхъ,кь,аьхъ,0,,s,аьл,кьāьбаьхъаьл,,ейо,еш,аь,"крыть, накладывать кровлю",,е
511,кьекъ,кье,къ,0,,h,ал,кьейакъал,,ейо,еш,а,шить иголкой,,е
512,кьибелдокI,,,,,,ал,,,ийо,ца,а,строить наподобие сарая (сеновала),,
513,кьисайугъ,,,,,,ал,,,ойо,ос,о,закончить (завершить) тянуть (тащить)  что-л.,,о
514,кьиса,,,,,,ал,кьисаба/ал,,айо,с,ѳ,"1) в разн. знач. тянуть, тащить когочто-л.",,
515,кьисйагъ,,,,,,ал,,,ойо,ос,а,тянуть (резко),,о
516,кьихокI,кьихо,кI,0,,h,ал,кьихобакIал,,ийо,ца,а,"делать полувлажным (полусухим, сырым)",,
518,кьихолъ,кьихо,лъ,0,,h,ал,кьихобалъал,,ийо,ца,ѳ,быть (стать) полувлажным (полусухим),,
520,кьичIел,кьи,чIел,0,,h,ал,кьийачIелал,,ло,ца,а,1) допускать или делать дефекты при вязании,,
521,кьоддāк,кьодда,ак,0,,h,ал,кьоддабāкал,,ийо,ца,ѳ,"1) подниматься (с места) 2) подниматься, повышаться (о цене)",,
522,кьоддāкI,кьодда,акI,0,,h,ал,кьоддабāкIал,,ийо,ца,а,1) поднимать что-л.,,
523,кьодок,кьодо,к,0,,h,ал,кьодобакал,,ийо,ца,ѳ,залезать на что-л.,,
524,кьодокI,кьодо,кI,0,,h,ал,кьодобакIал,,ийо,ца,а,помочь (способствовать) залезать на что-л.,,
525,кьололъ,кьоло,лъ,0,,h,ал,кьолобалъал,,ийо,ца,ѳ,"быть (стать) глупым, глупеть",,
526,кьоькь,кьоь,кь,0,,s,аьл,кьоьваькьаьл,,ийо,чаь,ѳ,1) взрываться,,
527,кьулъ,,,,,,ал,,,иро,ца,ѳ,"объедаться, переедать (хаш.)",,
528,кьухъ,кьу,хъ,0,,h,ал,кьувахъал,,ийо,ца,ѳ,"подходить, оказаться удобным, приемлемым для кого-чего-л.",,
529,кIакIалокI,кIакIало,кI,0,,h,ал,кIакIалобакIал,,ийо,ца,а,1) делать гладким (ровным),,
530,IакIалолъ,,,,,,ал,кIакIалобалъал,,ийо,ца,ѳ,1) быть (стать) гладким (ровным),,
531,кIалI,кI,алI,0,,h,ал,кIāлIал,,ойо,ос,о,отделяться (жидкости от гущи),,о
532,кIатIокI,кIатIо,кI,0,,h,ал,кIатIобакIал,,ийо,ца,а,"подрезать, подрезывать, укорачивать",,
533,кIатIолъ,кIатIо,лъ,0,,h,ал,кIатIобалъал,,ийо,ца,ѳ,"становиться короче, укорачиваться",,
534,кIаълI,кIаъ,лI,0,,h,ал,кIаъбалIал,,ойо,ос,а,однокр. визжать (о собаке),,о
535,кIаьйлI,кIаьй,лI,0,,s,аьл,кIаьйбаьлIаьл,,оьйо,оьш,оь,"1) вращаться, крутиться, вертеться",,оь
537,кIекIекI,кIекIе,кI,0,,h,ал,кIекIебакIал,,ийо,ца,а,"1) гнать, разгонять",,
538,кIекIелъ,кIекIе,лъ,0,,h,ал,кIекIебалъал,,ийо,ца,ѳ,1) разбегаться,,
539,кIемжел,,,,,,ал,,,ло,ца,а,"завивать кудри, делать завивку",,
540,кIемлIол,,,,,,ал,,,ло,ца,а,сучить,,
541,кIетIкI,кIетI,кI,0,,h,ал,кIетIбакIал,,ийо,ис//-ца,а,"1) улучшать, украшать",,и
542,кIетIлъ,кIетI,лъ,0,,h,ал,кIетIбалъал,,ийо,ис//-ца,и,"1) быть (стать) хорошим, доброжелательным (добрым)",,и
543,кIийекI,кIийе,кI,0,,h,ал,кIийебакIал,,ийо,ца,а,гнуть,,
544,кIийелъ,кIийе,лъ,0,,h,ал,кIийебалъал,,ийо,ца,ѳ,гнуться,,
545,кIиса,,,,,,ал,кIисаба/ал,,айо,с,а,"играть, резвиться, забавляться",,
546,кIокьалъ,кIокьа,лъ,0,,h,ал,кIокьабалъал,,ийо,ца,ѳ,вспоминать,,
547,кIокI,кIо,кI,0,,h,ал,кIовакIал,,ойо,ос,о,1) болеть,,о
548,кIомбакIол,,,,,,ал,,,ло,ца,ла,"собирать, скапливать в одну кучу кого-  чего-л.",,
549,кIорлI,кIор,лI,0,,h,ал,кIорбалIал,,ойо,ос,о,"почувствовать привязанность, привязаться к кому-л.",,о
551,кIох,кIо,х,0,,h,ал,кIовахал,,ийо,ца,ѳ,брезговать,,
552,кIоьхдоькI,кIоьхдоь,кI,0,,s,аьл,кIоьхдоьбаькIаьл,,ийо,чаь,аь,"делать горбатым (согнутым, крючкообразным)",,
553,кIоьхдоьлъ,кIоьхдоь,лъ,0,,s,аьл,кIоьхдоьбаьлъаьл,,ийо,чаь,ѳ,"быть (стать) горбатым (согнутым, крючкообразным)",,
554,кIукIулI,кIукIу,лI,0,,h,ал,кIукIубалIал,,ойо,ос,о,"ходить (вертеться, носиться) вокруг кого-л.",,о
555,кIуьч,кIуь,ч,0,,s,аьл,кIуьваьчаьл,,оьйо,оьш,аь,"1) отбивать (лезвие косы, серпа)",,оь
556,лалалI,,,,,,ал,,,ойо,ос,а,однокр. крикнуть (громко),,о
557,лалалIо,,,,,,аьл,,,ейо,еш,аь,1) орать,,е
558,лапIлI,лапI,лI,0,,h,ал,лапIбалIал,,ойо,ос,о,"однокр. 1) шататься, покачиваться",,о
560,лахлI,лах,лI,0,,h,ал,лахбалIал,,ойо,ос,о,"однокр. 1) двигаться, трогаться 2) сдвигаться 3) шевелиться",,о
561,лахлIол,лах,лIол,0,,h,ал,лахбалIолал,,ло,ца,а,1) качать,,
562,лаькълI,лаькъ,лI,0,,s,аьл,лаькъбаьлIаьл,,оьйо,оьш,оь,"качаться, шататься",,оь
563,лаькълIоьл,лаькъ,лIоьл,0,,s,аьл,лаькъбаьлIоьлаьл,,лоь,чаь,аь,"качать, шатать",,
564,лаьхъдоькI,лаьхъдоь,кI,0,,s,аьл,лаьхъдоьбаькIаьл,,ийо,чаь,аь,делать хромым,,
565,лаьхъдоьлъ,лаьхъдоь,лъ,0,,h,ал,лаьхъдоьбаьлъал,,ийо,чаь,ѳ,"становиться хромым, хромать, охрометь",,
566,лолдокI,лолдо,кI,0,,h,ал,лолдобакIал,,ийо,ца,а,хмурить,,
567,лолдолъ,лолдо,лъ,0,,h,ал,лолдобалъал,,ийо,ца,ѳ,"1) быть (стать) плутоватым, вороватым 2) перен. измениться под влиянием алкоголя (о поведении)",,
568,лъахдокI,лъахдо,кI,0,,h,ал,лъахдобакIал,,ийо,ца,а,делать серым,,
569,лъахдолъ,лъахдо,лъ,0,,h,ал,лъахдобалъал,,ийо,ца,ѳ,"стать (становиться) серым, сереть",,
570,лъакъекI,лъакъе,кI,0,,h,ал,лъакъебакIал,,ийо,ца,а,"вызвать гнев, гневить",,
571,лъакъелъ,лъакъе,лъ,0,,h,ал,лъакъебалъал,,ийо,ца,ѳ,гневаться,,
572,лъекъелъ,лъ,екъелъ,0,,h,ал,лъакъебалъал,,ийо,ца,ѳ,гневаться,,
573,лъаьлъаьлI,лъаьлъаь,лI,0,,s,аьл,лъаьлъаьбаьлIаьл,,оьйо,оьш,оь,"однокр. дергаться, валяться, биться (на полу)",,оь
574,лъепIлI,лъепI,лI,0,,h,ал,лъепIбалIал,,ойо,ос,о,однокр. всхлипнуть,,о
575,лъехъ,лъ,ехъ,0,,h,ал,лъайахъал,,ейо,еш,е,наказывать,,е
576,лъиби,,,,,,аьл,,,ийо,ца,аь,"снимать, удалять грязь (с рук, с одежды), очищать грязь путем обтирания",,
577,лъиз,лъи,з,0,,h,ал,лъийазал,,ийо,ца,ѳ,"запутываться, спутываться",,
578,лъийацI,лъийа,цI,0,,h,ал,лъийабацIал,,ийо,ца,ѳ,купаться,,
579,лъикекI,,,,,,ал,,,ийо,ца,а,делать водянистым (жидким),,
581,лъикелъ,,,,,,ал,,,ийо,ца,ѳ,"стать (становиться) водянистым, жидким",,
583,лъикъ,лъи,къ,0,,h,ал,лъийабакъал,,ойо,ос,о,1) кончаться,,о
585,лъикI,лъи,кI,0,,h,ал,лъийакIал,,ойо,ос,а,"загородить, перегородить",,о
586,лъилъ,лъи,лъ,0,,h,ал,лъийалъал,,ийо,ца,а,1) жевать,,
587,лъис,лъи,с,0,,h,ал,лъийасал,,лъишейо,лъишеш,0,гореть,,е
589,лъицI,лъи,цI,0,,h,ал,лъийацIал,,лъичIейо,лъичIеш,а,надевать,,е
592,лъицIгул,,,,,,ал,,,ло,ца,а,натравить собаку (хаш.),,
593,лъичI,,,,,,ал,лъичI-хоьваьчIаьл,,ийо,чаь,ѳ,"смешиваться, перемешиваться",,
596,лъогьо,,,,,,ал,лъогьогъаьжебалъал,,ийо,ца,ѳ,смеяться,,
597,лъолъкьакI,лъолъкьа,кI,0,,h,ал,лъолъкьабакIал,,ийо,ца,а,"вспоминать, припоминать",,
598,лъолъолI,лъолъо,лI,0,,h,ал,лъолъобалIал,,ойо,ос,о,"еле удержаться на ногах (от испуга, болезни)",,о
599,лъорелл,,,,,,ал,,,ийо,ис,а,хлебать (чаще всего кашу),,и
600,лъутI,лъу,тI,0,,h,ал,лъуватIал,,ойо,ос,а,кроить,,о
601,лъуьълI,лъуьъ,лI,0,,s,аьл,лъуьъбаьлIаьл,,оьйо,оьш,оь,1) просыпаться,,оь
602,лъуьълIоьл,лъуьъ,лIоьл,0,,s,аьл,лъуьъбаьлIоьлаьл,,лоь,чаь,аь,будить,,
603,лIагьикIа,,,,,,ал,лIагьикIаба/ал,,айо,с,а,подслушивать,,
604,лIанокI,лIано,кI,0,,h,ал,лIанобакIал,,ийо,ца,а,"делать редким, разрежать, прорежать",,
605,лIанолъ,лIано,лъ,0,,h,ал,лIанобалъал,,ийо,ца,ѳ,"быть (стать) редким (негустым), разрежаться, прорежаться",,
606,лIах,лI,ах,0,,h,ал,лIāхал,,ийо,ца,а,"расчесывать, причесывать",,
607,лIахлI,лIах,лI,0,,h,ал,лIахбалIал,,ойо,ос,о,"расчесывать, причесывать",,о
610,лIаьмекI,лIаьме,кI,0,,h,ал,лIаьмебакIал,,ийо,ца,а,"1) делать тонким (или тоньше), утончать",,
611,лIаьмелъ,лIаьме,лъ,0,,h,ал,лIаьмебалъал,,ийо,ца,ѳ,"1) быть (стать) тонким (или тоньше), утончаться 2) перен. быть (стать) худым, худеть",,
612,лIеᴴйаᴴ,лIеᴴйаᴴ,,0,,h,ал,лIенйабāл,,айо,с,а,"пускать газ, освобождать кишечник от газов, пукать",,
613,лIийок,лIийо,к,0,,h,ал,лIийобакал,,ийо,ца,ѳ,1) прыгать,,
614,лIийокI,лIийо,кI,0,,h,ал,лIийобакIал,,ийо,ца,а,спешивать,,
615,лIилмак,,,,,,ал,,,ийо,ца,ѳ,наступить (о зиме),,
616,лIилмакI,,,,,,ал,,,ийо,ца,а,перех. от лIилмакал,,
617,лIирах,лIира,х,0,,h,ал,лIирабахал,,оро,оц,-о,"1) бегать, бежать",,о
618,лIирāх,лIира,ах,0,,h,ал,лIирабāхал,,ойо,ос,о,"бегать, заниматься беготней, носиться, суетиться",,о
619,лIиᴴй,лIиᴴ,й,0,,h,ал,лIинйагьал,,ойо,ос,а,запрягать,,о
620,лIидāк,лIида,ак,0,,h,ал,лIидабāкал//лIийодабāкал,,ийо,ца,ѳ,1) спускаться вниз 2) снижаться (о цене) 3) приседать,,
621,лIийодāк,лIи,йодāк,0,,h,ал,лIидабāкал//лIийодабāкал,,ийо,ца,ѳ,1) спускаться вниз 2) снижаться (о цене) 3) приседать,,
622,лIидāкI,лIида,акI,0,,h,ал,лIидабāкIал//лIийодабāкIал,,ийо,ца,а,1) опускать,,
623,лIобакьак,,,,,,ал,,,ийо,ца,ѳ,наступить (об обеденном времени),,
624,лIобакьакI,,,,,,ал,,,ийо,ца,а,перех. от лIобакьакал,,
625,лIокъакI,,,,,,ал,,,ийо,ца,а,делать плесневелым,,
626,лIокъалъ,,,,,,ал,,,ийо,ца,ѳ,плесневеть,,
627,лIолIогъак,лIолIо,гъак,0,,h,ал,лIолIовагъакал,,ийо,ца,а,приоткрываться,,
628,лIолIогъакI,лIолIо,гъакI,0,,h,ал,лIолIовагъакIал,,ийо,ца,а,приоткрывать,,
629,лIуьхдоьбаькI,,,,,,аьл,,,ийо,ца,а,"хмуриться, нахмуриваться",,
630,лIуьш,лIуь,ш,0,,s,аьл,лIуьваьшаьл,,ийо,чаь,аь,"рел. уст. читать молитву от сглаза, лечить заговором от дурного глаза, заговаривать",,
631,лIуьх,лIуь,х,0,,s,аьл,лIуьваьхаьл,,оьйо,оьш,оь,"1) удавиться, задушиться 2) задыхаться",,оь
633,малъикIа,,,,,,ал,малъикIаба/ал,,айо,с,а,"помышлять, намереваться",,
634,мамалилдолъ,мамалилдо,лъ,0,,h,ал,мамалилдовалъал,,ийо,ца,ѳ,1) петушиться 2) перен. пререкаться 3) перен. возгордиться,,
635,марчIокIокI,,,,,,ал,,,ийо,ца,а,перех. от марчIокIолъал,,
636,марчIокIолъ,,,,,,ал,,,ийо,ца,ѳ,"смеркаться, вечереть",,
637,маьтIаькI,маьтIаь,кI,0,,s,аьл,маьтIаьбаькIаьл,,иро,чаь,аь,увеличивать (тляд.),,
638,маьтIаьлъ,маьтIаь,лъ,0,,s,аьл,маьтIаьбаьлъал,,иро,чаь,ѳ,увеличиваться,,
640,мезла,,,,,,ал,,,айо,с,а,редко капризничать,,
641,мел,,,,,,ал,,,ейо,еш,а,соединять,,е
642,мет,,,,,,ал,,,ейо,еш,е,подходить (об одежде),,е
643,мизагъ,,,,,,ал,,,ийо,ца,а,покрывать плоскую крышу землей,,
644,милажейцI,,,,,,ал,,,ийо,ца,ѳ,"чутьчуть (слегка) замерзнуть, покрыться тонким слоем льда",,
645,мим,,,,,,ал,мим-момдаба/ал,,айо,с,а,издавать глухие звуки (о медведе),,
646,мискиндокI,мискиндо,кI,0,,h,ал,мискиндобакIал,,ийо,ца,а,"делать бедным, обеднять",,
647,мискиндолъ,мискиндо,лъ,0,,h,ал,мискиндобалъал,,ийо,ца,ѳ,"стать бедным, беднеть",,
649,мозлI,,,,,,ал,,,ойо,ос,о,бормотать что-то невнятное,,о
650,мозордолъ,,,,,,ал,,,ийо,ца,ѳ,"злиться, делать злой взгляд (лицом)",,
651,мокь,мо,кь,0,,h,ал,мовакьал,,ойо,ос,о,линять,,о
653,морлI,,,,,,ал,,,ойо,ос,а,"однокр. 1) бормотать 2) грубить, грубо отвечать",,о
654,муьжоькI,,,,,,аьл,,,ийо,чаь,аь,делать прогорклым,,
655,муьжоьлъ,,,,,,аьл,,,ийо,чаь,ѳ,прогоркнуть,,
656,наьчIлIоьл,,,,,,аьл,,,ло,ца,а,чавкать,,
657,негълI,негъ,лI,0,,h,ал,негъбалIал,,ойо,ос,о,капризничать,,о
659,низа,,,,,,ал,низаба/ал,,айо,с,а,1) мыть,,
660,нийакI,нийа,кI,0,,h,ал,нийабакIал,,ийо,ца,а,"делать сладким, подслащивать",,
661,нийалъ,нийа,лъ,0,,h,ал,нийабалъал,,ийо,ца,ѳ,"быть (стать) сладким, подслащиваться",,
662,никъакI,,,,,,ал,,,ийо,ца,а,делать горьким,,
663,никъалъ,,,,,,ал,,,ийо,ца,ѳ,"стать горьким, горчить",,
664,нилI,ни,лI,0,,h,ал,нийалIал,,ийо,ца,а,"1) давать, отдавать",,
665,нилIйугъ,,,,,,ал,,,ойо,ос,о,успеть давать,,о
666,нис,ни,с,0,,h,ал,нийасал,,ойо,ос,а,"1) говорить, сказать",,о
667,нисдāк,,,,,,ал,,,ийо,ца,ѳ,вечереть,,
668,нисдāкI,,,,,,ал,,,ийо,ца,а,перех. от нисдāкал,,
669,нисойугъ,,,,,,ал,,,ойо,ос,о,успеть сказать,,о
671,нисол,,,,,,ал,,,ейо,еш,а,"расспрашивать, выспрашивать",,е
672,ничдокI,ничдо,кI,0,,h,ал,ничдобакIал,,ийо,ца,а,1) делать голубым 2) перен. поставить синяки (на теле),,
673,ничдолъ,ничдо,лъ,0,,h,ал,ничдобалъал,,ийо,ца,ѳ,1) голубеть,,
674,нишек,,,,,,ал,,,ийо,ца,ѳ,наступить (о ночи),,
675,нишекI,,,,,,ал,,,ийо,ца,а,перех. от нишекал,,
677,нук,ну,к,0,,h,ал,нувабакал,,ойо,ос,о,голодать,,о
678,нуко,,,,,,ал,нуко-анхъаба/ал,,айо,с,а,испытывать голод и жажду,,
679,нуьшоькI,нуьшоь,кI,0,,s,аьл,нуьшоьбаькIаьл,,ийо,ца,а,мельчить,,
680,нуьшоьлъ,нуьшоь,лъ,0,,s,аьл,нуьшоьбаьлъаьл,,ийо,чаь,ѳ,"1) становиться мелким, мельчать 2) перен. мелочиться",,
681,огъо,,,I,йогъо-тихал II,,ал,богъо-тухал,,ийо,ца,а,кормить,,
683,оклI,,,IV,,,ал,,,ойо,ос,а,однокр. 1) издать стон,,о
684,оьгьлI,,,,,,аьл,,,оьйоь,оьш,аь,однокр. кашлянуть,,оь
685,оьл,оь,л,0,,s,аьл,оьваьлаьл,,лоь,чаь,ѳ,"хватать, быть достаточным",,
686,оьхоькI,оьхоь,кI,0,,s,аьл,оьхоьбаькIаьл,,ийо,чаь,аь,"делать некрасивым, несимпатичным, грубым",,
687,оьхоьлъ,оьхоь,лъ,0,,s,аьл,оьхоьбаьлъаьл,,ийо,чаь,ѳ,"стать (становиться) некрасивым, несимпатичным, грубым",,
688,оьълI,,,,,,аьл,,,оьйо,оьш,аь,однокр. рвать (о рвоте),,оь
689,оᴴгух,оᴴгу,х,0,,h,ал,онгувахал,,ойо,ос,о,быть (стать),,о
690,оᴴгухол,оᴴгу,хол,0,,h,ал,оᴴгувахолал,,ло,ца,а,делать,,
691,оᴴхоцI,,,,,,ал,,,ийо,ца,ѳ,"наедаться, насыщаться",,
692,паплокI,,,,,,ал,,,ийо,ца,а,"делать мягким, смягчать",,
693,паплолъ,,,,,,ал,,,ийо,ца,ѳ,смягчаться,,
694,парлI,пар,лI,0,,h,ал,парбалIал,,ойо,ос,о,"однокр. развеваться, веять, реять",,о
696,пахлI,,,,,,ал,,,ойо,ос,о,порошить,,о
697,пахлIол,,,,,,ал,,,ло,ца,а,пылить,,
698,пацбалI,,,,,,ал,,,ойо,ос,о,мигать,,о
700,пигьакI,пигьа,кI,0,,h,ал,пигьабакIал,,ийо,ца,а,"1) удешевлять, уценивать",,
701,пигьалъ,пигьа,лъ,0,,h,ал,пигьабалъал,,ийо,ца,а,1) дешеветь,,
702,пипилI,,,,,,ал,,,ойо,ос,о,дергаться,,о
703,пицхилдокI,пицхилдо,кI,0,,h,ал,пицхилдобакIал,,ийо,ца,а,1) горячить 2) перен. торопить,,
704,пицхилдолъ,пицхилдо,лъ,0,,h,ал,пицхилдобалъал,,ийо,ца,ѳ,1) горячиться,,
705,пичIилI,,,,,,ал,,,ейо,еш,а,исчезать,,е
706,поьгълаь,,,,,,аьл,,,аьйо,аьш,аь,стать морщинистым,,а
707,поьхъдаь,,,,,,аьл,,,аьйо,ш,аь,булькать (о каше при варке),,
708,пуьлI,пуь,лI,0,,s,аьл,пуьваьлIаьл,,оьйо,оьш,аь,однокр. дуть,,оь
709,пIаьрлI,пIаьр,лI,0,,s,аьл,пIаьрбаьлIаьл,,оьйо,оьш,оь,болтать,,оь
710,пIаьпIаьлоькI,пIаьпIаьлоь,кI,0,,s,аьл,пIаьпIаьлоьбаькIаьл,,ийо,чаь,аь,1) делать лысым 2) перен. делать голым,,
711,пIаьпIаьлоьлъ,пIаьпIаьлоь,лъ,0,,s,аьл,пIаьпIаьлоьбаьлъаьл,,ийо,ча,ѳ,1) лысеть,,
712,рацI,,,,,,ал,,,оро,ц,о,видеть далеко (хаш.),,ц
713,раьв,,,,,,аьл,,,еро,ец,а,отекать (хаш.),,е
714,рий,,,,,,ал,рийагьал,,еро,ец,е,падать (о стене) (хаш.),,е
715,роьшоьгицI,,,IV,,,ал,,,иро,ца,ѳ,распороться (хаш.),,
716,сагилдокI,сагилдо,кI,0,,h,ал,сагилдобакIал,,ийо,ца,а,морщить (об одежде),,
717,сагилдолъ,сагилдо,лъ,0,,h,ал,сагилдобалъал,,ийо,ца,ѳ,морщиться (об одежде),,
719,сапIунийалъкI,,,,,,ал,,,ийо,ис,а,"редко делать воду мыльной, мылить",,и
720,сасалокI,сасало,кI,0,,h,ал,сасалобакIал,,ийо,ца,а,1) толочь,,
721,сасалолъ,сасало,лъ,0,,h,ал,сасалобалъал,,ийо,ца,ѳ,"1) становиться толченным (дробленным, размельченным), дробиться 2) быть (стать) рассыпчатым",,
723,саᴴлI,,,,,,ал,,,ойо,ос,а,однокр. испражняться,,о
724,сибовак,,,,,,ал,,,ийо,ца,а,наступить осени,,
725,сибовакI,,,,,,ал,,,ийо,ца,а,перех. от сибовакал,,
726,сиддāкI,сидда,акI,0,,h,ал,сиддабāкIал,,ийо,ца,а,убирать в сторону (в одно место),,
727,сиз,си,з,0,,h,ал,сийазал,,ийо,ца,а,плести,,
728,сизкI,сиз,кI,0,,h,ал,сизбакIал,,ийо,ца,а,"1) мять, обрабатывать шкуру",,
729,сийолдокI,,,,,,ал,,,ийо,ца,а,строить хлев,,
730,симахъ,сима,хъ,0,,h,ал,симабахъал,,ойо,ос,о,"злиться, сердиться",,о
731,симахъол,сима,хъол,0,,h,ал,симабахъолал,,ло,ца,а,"злить, сердить",,
732,синна,,,,,,ал,синнаба/ал,,айо,с,а,1) упрямиться,,
733,сисилI,,,,,,ал,,,ойо,ос,о,дрожать,,о
734,сисилIол,сиси,лIол,0,,h,ал,сисибалIолал,,ло,ца,а,"знобить, лихорадить",,
735,си,,,,,,ал,,,ойо,ос,а,дрожать,,о
737,сос,со,с,0,,h,ал,совасал,,ийо,ца,ѳ,1) жечься,,
738,сосолокI,,,,,,ал,,,ийо,ца,а,делать (муку) крупного помола,,
739,сосололъ,,,,,,ал,,,ийо,ца,ѳ,становиться крупного помола (о муке),,
740,сумурдокI,сумурдо,кI,0,,h,ал,сумурдобакIал,,ийо,ца,а,плиссировать,,
741,сумурдолъ,сумурдо,лъ,0,,h,ал,сумурдобалъал,,ийо,ца,ѳ,стать (быть) плиссированным,,
742,сус,су,с,0,,h,ал,сувасал,,ойо,ос,а,"1) рубить на куски, колоть",,о
743,табакI,таба,кI,0,,h,ал,табабакIал,,ийо,ца,а,"доводить до усталости, утомить",,
744,табалъ,таба,лъ,0,,h,ал,табабалъал,,ийо,ца,ѳ,уставать,,
745,талихицI,,,,,,ал,,,ийо,ца,ѳ,вздремнуть,,
746,таталокI,,,,,,ал,,,ийо,ца,а,"делать дряблым (вялым, мягким)",,
747,таталолъ,,,,,,ал,,,ийо,ца,ѳ,"дрябнуть, становиться дряблым (вялым, мягким)",,
748,теликI,тели,кI,0,,h,ал,телибакIал,,ийо,ца,а,расти,,
749,телилъ,тели,лъ,0,,h,ал,телибалъал,,ийо,ца,ѳ,расти,,
750,тигъак,тигъа,к,0,,h,ал,тигъабакал,,ийо,ца,ѳ,приближаться вплотную к чему-л.,,
751,тигъакI,тигъа,кI,0,,h,ал,тигъабакIал,,ийо,ца,а,сдвинуть вплотную к чему-л.,,
752,тикъ,ти,къ,0,,h,ал,тийакъал,,ойо,ос,о,"1) воткнуться, вонзиться, колоться (о занозе)",,о
754,тикьак,тикьа,к,0,,h,ал,тикьабакал,,ийо,ца,ѳ,переходить на другую сторону (на ту сторону),,
755,тикьа,,,,,,ал,тикьа-никьабакал,,ийо,ца,ѳ,см. тикьакал,,
756,тил,ти,л,0,,h,ал,тийалал,,ло,ца,а,"класть, положить (дрова в огонь)",,
758,тилIк,тилI,к,0,,h,ал,тилIбакал,,ийо,ис/-ца,и/-ѳ,"перепрыгивать, переходить",,и
759,титилI,тити,лI,0,,h,ал,титибалIал,,ойо,ос,о,изнашиваться (до дыр),,о
761,тицI,ти,цI,0,,h,ал,тийацIал,,ийо,ца,ѳ,"надевать (пояс, ремень, кушак), подпоясывать",,
762,тиъ,ти,ъ,0,,h,ал,тийаъал,,ийо,ца,а,поджаривать,,
765,толаж,,,,,,ал,,,ейо,ес,е,1) свертываться,,е
767,тоьт,,,,,,аьл,,,оьйо,оьш,оь,мазаться чуть-чуть (слегка),,оь
768,тоьтлоькI,тоьтлоь,кI,0,,s,аьл,тоьтлоьбаькIаьл,,ийо,ца,аь,мягчить,,
769,тоьтлоьлъ,тоьтлоь,лъ,0,,s,аьл,тоьтлоьбаьлъаьл,,ийо,чаь,ѳ,мякнуть,,
771,тух,ту,х,0,,h,ал,тувахал,,ийо,ца,а,"1) кормить, угощать",,
772,тухъ,ту,хъ,0,,h,ал,тувахъал,,ийо,ца,ѳ,1) слышать,,
776,туцI,ту,цI,0,,h,ал,тувацIал,,ойо,ос,о,"быть вдетым, вдеваться",,о
779,туьлI,,,,,,аьл,туьлIваьлIаьл,,оьйо,оьщ,аь,однокр. плюнуть,,оь
780,туьш,туь,ш,0,,s,аьл,туьваьшаьл,,оьйо,оьш,оь,краситься,,оь
782,тIаьжел,,,,,,ал,,,ло,ца,а,оставить след,,
783,тIаьлI,тI,аьлI,0,,s,аьл,тIāьбаьлIаьл,,ейо,еш,аь,"1) доить, надаивать",,е
785,тIизлI,,,,,,ал,,,ойо,ос,о,"болеть, приболеть (о голове)",,о
788,тIик,,,,,,ал,,,ейо,еш,е,заходить (о солнце),,е
789,тIикел,тIи,кел,0,,h,ал,тIийакелал,,ло,ца,а,"бросить, кинуть на близкое расстояние кому-л.",,
790,тIикеницI,тIикен,ицI,0,,h,ал,тIикенубацIал,,ийо,ца,ѳ,"появляться, показаться (на мгновение, на короткое время)",,
791,тIикъолъ,тIикъо,лъ,0,,h,ал,тIикъобалъал,,ийо,ца,ѳ,обижаться,,
792,тIимкьак,,,,,,ал,,,ийо,ца,ѳ,встать (становиться) на цыпочки,,
793,тIотI,тIо,тI,0,,h,ал,тIоватIал,,ойо,ос,а,рубить,,о
795,тIоьлI,тIоь,лI,0,,s,аьл,тIоьваьлIаьл,,оьйо,оьш,оь,1) раскрываться (о глазах),,оь
796,тIуцойеᴴкь,,,,,,ал,,,ейо,еш,е,становиться отжатым (о белье),,е
798,тIутIулI,тIутIу,лI,0,,h,ал,тIутIубалIал,,ойо,ос,о,екать,,о
799,тIуц,тIу,ц,0,,h,ал,тIувацал,,ойо,ос,а,1) выжимать,,о
800,уьъуьлI,,,,,,аьл,,,оьйо,оьш,аь,однокр. кукарекать,,оь
801,хагъ,х,агъ,0,,h,ал,хāгъал,,ойо,ос,о,сосать (грудь),,о
802,хагъол,х,агъол,0,,h,ал,хāгъолал,,ло,ца,а,"кормить кого-л., дать кому-л. сосать",,
806,хаслI,хас,лI,0,,h,ал,хасбалIал,,ойо,ос,а,тесать,,о
807,хаслIол,хас,лIол,0,,h,ал,хасбалIолал,,ло,ца,а,см. хаслIал,,
808,хатолъ,хато,лъ,0,,h,ал,хатобалъал,,ийо,ца,ѳ,немного (чуть-чуть) похудеть,,
809,хахалолъ,хахало,лъ,0,,h,ал,хахалобалъал,,ийо,ца,ѳ,"шершаветь, становиться шершавым (шероховатым)",,
810,хахалI,хаха,лI,0,,h,ал,хахабалIал,,ойо,ос,о,1) тереться обо что-л.,,о
813,хаьлI,х,аьлI,0,,s,аьл,хāьлIаьл,,ейо,еш,а,"однокр. 1) воткнуть, колоть",,е
815,хаьх,х,аьх,0,,s,аьл,хāьхаьл,,ийо,чаь,аь,1) мазать что-л. чем-л.,,
816,хела,,,,,,ал,хелакъекъебалъал,,ийо,ца,ѳ,стать ровным и широким,,
818,хелекI,хеле,кI,0,,h,ал,хелебакIал,,ийо,ца,а,"делать ровным, разровнять",,
819,хелелъ,хеле,лъ,0,,h,ал,хелебалъал,,ийо,ца,ѳ,"быть (стать) ровным, разровняться",,
820,хетIекI,хетIе,кI,0,,h,ал,хетIебакIал,,ийо,ца,а,"делать толстым (или массивным), утолщать",,
821,хетIелъ,хетIе,лъ,0,,h,ал,хетIебалъал,,ийо,ца,ѳ,толстеть,,
822,хигъ,хи,гъ,0,,h,ал,хийагъал,,ийо,ца,ѳ,обосноваться,,
823,хийокI,хийо,кI,0,,h,ал,хийобакIал,,ийо,ца,а,печалить,,
824,хийолъ,хийо,лъ,0,,h,ал,хийобалъал,,ийо,ца,ѳ,"печалиться, грустить",,
825,хискьак,,,,,,ал,,,ийо,ца,ѳ,наступить утру,,
826,хискьакI,,,,,,ал,,,ийо,ца,а,перех. от хискьакал,,
827,хислI,хис,лI,0,,h,ал,хисбалIал,,ойо,ос,о,1) тесать,,о
828,хихилокI,хихило,кI,0,,h,ал,хихилобакIал,,ийо,ца,а,делать скользким,,
829,хихилолъ,хихило,лъ,0,,h,ал,хихилобалъал,,ийо,ца,ѳ,быть (становиться),,
831,хихлI,,,,,,ал,,,ойо,ос,а,сморкаться,,о
834,хиц,хи,ц,0,,h,ал,хийацал,,ойо,ос,а,закончить (завершить) вязание,,о
835,хицIиндокI,хицIиндо,кI,0,,h,ал,хицIиндобакIал,,ийо,ца,а,"увлажнять, смягчать",,
836,хицIиндолъ,хицIиндо,лъ,0,,h,ал,хицIиндобалъал,,ийо,ца,ѳ,"увлажняться, смягчаться",,
838,хослI,хос,лI,0,,h,ал,хосбалIал,,ойо,ос,а,однокр. чесать что-л.,,о
839,хоцIокI,хоцIо,кI,0,,h,ал,хоцIобакIал,,ийо,ца,а,делать красным,,
840,хочала,,,,,,ал,хочалаба/ал,,аро,ч,а,спать (тляд.),,ч
841,хоькIкI,хоькI,кI,0,,s,аьл,хоькIбаькIаьл,,ийо,ис/-ча,аь,1) делать впалым 2),,и
842,хоькIлъ,хоькI,лъ,0,,s,аьл,хоькIбаьлъаьл,,ийо,ис/-чаь,ѳ,"1) осесть, впасть",,и
843,хоьхаькъ,хоь,хаькъ,0,,s,аьл,хоьваьхаькъаьл,,оьйо,оьш,оь,иметь желание грызть,,оь
844,хоьх,хоь,х,0,,s,аьл,хоьваьхаьл,,ийо,чаь,аь,1) грызть,,
845,хоьᴴлI,,,,,,аьл,,,оьйо,оьш,аь,"однокр. храпеть, храпнуть",,оь
846,хуло,,,,,,аьл,,,оьйо,чаь,ѳ,"растрескиваться, морщиться (о состоянии бобовых во время варки)  323",,
847,хулI,ху,лI,0,,h,ал,хувалIал,,ойо,ос,а,1) пить,,о
848,хулIо,,,,,,ал,,,ийо,еш,а,"пить, выпивать",,е
849,хурлIол,,,,,,ал,,,ло,ца,а,сопеть,,
850,хутIукI,хутIу,кI,0,,h,ал,хутIубакIал,,иро,ца,а,щекотать (хаш.),,
851,хутIух,хутIу,х,0,,h,ал,хутIубахал,,ийо,ца,ѳ,щекотать,,
852,хух,ху,х,0,,h,ал,хувахал,,ойо,ос,а,1) перебирать шерсть,,о
853,хухлокьак,хухлокьа,к,0,,h,ал,хухлокьабакал,,ийо,ца,ѳ,становиться дыбом,,
854,хухлокьакI,хухлокьа,кI,0,,h,ал,хухлокьабакIал,,ийо,ца,а,"заставить стать дыбом, ощетиниться",,
855,хухо,,,II,хухо-икьал I,,ал,хухо-йийакьал // хухо-бийакьал,,ейо,еш,а,прям. и перен. потрепать кого-  что-л.,,е
856,хуьж,хуь,ж,0,,s,аьл,хуьваьжаьл,,оьйо,оьш,аь,1. 1) меняться,,оь
857,хуьжоь,,,,,,аьл,хуьжоьхāьжаьл,,ейо,еш,а,1. 1) меняться 2) перен. заниматься торговлей 2. менять,,е
858,хуьл,хуь,л,0,,s,аьл,хуьваьлаьл,,оьйо,оьш,оь,"морщиться (о коже, о бобовых)",,оь
859,хуьчIуькI,хуьчIуь,кI,0,,s,аьл,хуьчIуьбаькIаьл,,ийо,чаь,аь,палить,,
860,хуьчIуьх,хуьчIуь,х,0,,s,аьл,хуьчIуьбаьхаьл,,ийо,чаь,ѳ,опалиться,,
861,хъарлI,хъар,лI,0,,h,ал,хъарбалIал,,ойо,ос,о,1) возиться (заниматься) с ч,,о
862,хъахъалI,хъахъа,лI,0,,h,ал,хъахъабалIал,,ойо,ос,о,"1) возиться, заниматься ч",,о
863,хъахъалIол,хъахъа,лIол,0,,h,ал,хъахъабалIолал,,ло,ца,а,"1) волочить, тащить что-л.",,
864,хъаьйлIихъ,,,,,,ал,,,ойо,ос,о,быть (стать) у кого-л. чего-л. в избытке,,о
865,хъаьлI,,,,,,аьл,,,ейо,еш,аь,"1) кричать, орать 2) шуметь",,е
866,хъаьлIе,,,,,,аьл,,,оьйо,оьш,оь,"греметь, проиводить (происходить) грохот в сильным ветром",,оь
867,хъаьхълI,,,,,,аьл,,,оьйо,оьш,аь,однокр. отрыгиваться,,оь
868,хъехъ,хъе,хъ,0,,h,ал,хъейахъал,,ейо,еш,е,"раздвигаться, растопыриваться (о ногах)",,е
871,хъимакI,,,,,,ал,,,ийо,ца,а,"портить, делать пасмурным (о погоде)",,
872,хъималъ,,,,,,ал,,,ийо,ца,ѳ,портиться,,
873,хъир,,,,,,ал,хъир-хъарбалIал,,ойо,ос,о,возиться,,о
874,хъихъилI,хъихъи,лI,0,,h,ал,хъихъибалIал,,ойо,ос,о,"хохотать, смеяться",,о
875,хъо,,,,,,вал,хъовагьал,,ойо,ос,ва,1) читать,,о
876,хъохъ,хъо,хъ,0,,h,ал,хъовахъал,,ойо,ос,о,1) сохнуть,,о
878,хъоьхълI,,,,,,аьл,,,оьйо,оьш,аь,"однокр. грубо говорить, нагрубить",,оь
879,хъусокI,хъусо,кI,0,,h,ал,хъусобакIал,,ийо,ца,а,суживать,,
880,хъусолъ,хъусо,лъ,0,,h,ал,хъусобалъал,,ийо,ца,ѳ,"суживаться, сужаться",,
881,цацалI,,,,,,ал,,,ойо,ос,о,брызгаться,,о
882,цацалIол,,,,,,ал,,,ло,ца,а,брызгать,,
883,цаᴴгь,ц,аᴴгь,0,,h,ал,цāнбагьал,,ийо,ца,а,"1) дать имя, назвать именем, нарекать",,
884,цикъиндокI,,,,,,ал,,,ийо,ца,а,делать водянистым,,
885,цикъиндолъ,,,,,,ал,,,ийо,ца,ѳ,стать (становиться) водянистым,,
886,цикълI,,,,,,ал,,,ойо,ос,о,"стать (быть) водянистым, жидким",,о
887,цикълIол,,,,,,ал,,,ло,ца,а,"делать водянистым, жидким",,
888,цихакI,,,,,,ал,,,ийо,ца,а,делать соленым,,
889,цих,ци,х,0,,h,ал,цийахал,,ийо,ца,ѳ,пьянеть,,
890,цихалъ,,,,,,ал,,,ийо,ца,ѳ,"стать соленым, просолиться",,
891,циᴴйакI,,,,,,ал,,,ийо,ца,а,пересаливать,,
892,циᴴйалъ,,,,,,ал,,,ийо,ца,ѳ,"стать соленым (многосольным), просолиться",,
893,цолак,,,,,,ал,,,ейо,ца,е,быть (становиться) пасмурным,,
894,цолIлI,цо,лIлI,0,,h,ал,цовалIлIал,,ойо,ос,а,сосать,,о
895,цоц,цо,ц,0,,h,ал,цовацал,,ойо,ос,о,"1) промаслиться, пропитаться маслом",,о
897,цугъокI,,,,,,ал,,,ийо,ца,а,"делать сухим, труднопроглатываемым",,
898,цугъолъ,,,,,,ал,,,ийо,ца,ѳ,"стать (становиться) сухим, труднопроглатываемый",,
899,цуцулI,,,,,,ал,,,ойо,ос,о,моросить,,о
900,цIакъ,,,,,,ал,,,ойо,ос,о,"1) обижаться 2) обижать, задевать",,о
901,цIакъол,,,,,,ал,,,ло,ца,а,принимать близко к сердцу,,
902,цIакI,цI,акI,0,,h,ал,цIāкIал,,ойо,ос,о,чувствовать,,о
904,цIатIокI,цIатIо,кI,0,,h,ал,цIатIобакIал,,ийо,ца,а,"1) делать узким (опасным), суживать (о дороге) 2) перен. ограничивать",,
905,цIатIолъ,цIатIо,лъ,0,,h,ал,цIатIобалъал,,ийо,ца,ѳ,"1) быть (становиться) узким, опасным (о тропинке)",,
906,цIикълI,,,,,,ал,,,ойо,ос,о,колоться (о боли),,о
907,цIикълIол,,,,,,ал,,,ло,ца,а,колоть (о боли),,
908,цIилеъ,цIиле,ъ,0,,h,ал,цIилебаъал,,ийо,ца,а,наматывать,,
909,цIилъ,цIи,лъ,0,,h,ал,цIийалъал,,ийо,ца,ѳ,"радоваться, веселиться",,
910,цIилI,цIи,лI,0,,h,ал,цIийабалIал,,ойо,ос,о,1) радоваться,,о
911,цIилIо,,,,,,ал,цIилIо-кāбалIал,,ойо,ос,о,"радоваться, быть в хорошем настроении",,о
912,цIимлI,цIим,лI,0,,h,ал,цIимбалIал,,ойо,ос,о,звякать,,о
913,цIицIилI,,,,,,ал,,,ойо,ос,о,"появляться (о чем-то очень маленьком, еле заметном)",,о
914,цIиълI,цIиъ,лI,0,,h,ал,цIиъбалIал,,ойо,ос,о,однокр. 1) скрипеть,,о
916,цIогьода,,,,,,ал,цIогьодаба/ал,,айо,с,а,ныть,,
917,цIодолокI,цIодоло,кI,0,,h,ал,цIодолобакIал,,ийо,ца,а,"чернить, красить в черный цвет",,
918,цIодололъ,цIодоло,лъ,0,,h,ал,цIодолобалъал,,ийо,ца,ѳ,чернеть,,
919,цIокь,,,,,,ал,,,ийо,ца,а,"ругать (обзывая, проклиная)",,
920,цIоцI,,,,,,ал,,,ойо,ос,о,1) щетиниться 2) быть (стать) жестким (о волосах),,о
921,цIоцIол,,,,,,ал,,,ло,ца,а,1) делать щетинистым 2) делать жестким 3) перен. делать грубым (жестким),,
923,цIудокI,цIудо,кI,0,,h,ал,цIудобакIал,,ийо,ца,а,1) красить,,
924,цIудолъ,цIудо,лъ,0,,h,ал,цIудобалъал,,ийо,ца,ѳ,краснеть,,
925,цIулукIда,,,,,,ал,цIулукIдаба/ал,,айо,с,а,есть сладости по-немногу (небольшими порциями),,
926,чах,ч,ах,0,,h,ал,чāхал,,ийо,ча,а,писать,,
927,чачалI,,,,,,ал,,,ойо,ос,а,закричать не своим голосом (напр. от испуга),,о
928,чаьчаьлоькI,,,,,,аьл,,,ийо,ца,аь,"делать кислым, кислить",,
929,чаьчаьлоьлъ,,,,,,аьл,,,ийо,чаь,ѳ,быть (стать) кислым,,
930,чик,чи,к,0,,h,ал,чийакал,,ейо,еш,е,1) грязниться,,е
931,чикел,чи,кел,0,,h,ал,чийакелал,,ло,ца,а,"1) грязнить, пачкать",,
932,чогъа,чо,гъа,0,,h,ал,човагъа/ал,,айо// ойо,ос,о,засыхать,,о
933,чогъол,чо,гъол,0,,h,ал,човагъолал,,ло,ца,а,запекать,,
934,чоьхъ,чоь,хъ,0,,s,аьл,чоьваьхъаьл,,ийо,чаь,ѳ,"слышать, знать",,
935,чуькI,чуь,кI,0,,s,аьл,чуьваькIаьл,,ийо,ца,а,"искать, ворошить, рыться",,
936,чIаьгъекI,,,,,,ал,,,ийо,ца,а,подражать дисканту,,
937,чIаьгъелъ,,,,,,ал,,,ийо,ца,ѳ,обладать дискантом 2,,
939,чIаьйк,,,,,,ал,,,ийо,чаь,ѳ,"просрочиться, пройти (о времени для",,
940,чIаьйкI,чIаьй,кI,0,,h,ал,чIаьйбакIал,,ийо,ца,а,кривить,,
942,чIаьйлъ,чIаьй,лъ,0,,h,ал,чIаьйбалъал,,ийо,ца,ѳ,кривиться,,
945,чIаьлъ,чI,аьлъ,0,,s,аьл,чIāьлъал,,ийо,ча,ѳ,знать,,
946,чIаьлI,чI,аьлI,0,,s,аьл,чIāьлIаьл,,ейо,еш,а,1) бросать,,е
947,чIаьнаьгъ,чIаьнаь,гъ,0,,h,ал,чIаьнаьбагъал,,ойо,ос,а,"1) бегать, бежать",,о
948,чIаьчIаьлI,,,,,,аьл,,,оьйо,оьш,аь,поднимать крик,,оь
949,чIекIдокI,чIекIдо,кI,0,,h,ал,чIекIдобакIал,,ийо,ца,а,1) гнуть,,
950,чIекIдолъ,чIекIдо,лъ,0,,h,ал,чIекIдобалъал,,ийо,ца,ѳ,1) гнуться,,
951,чIецI,чIе,цI,0,,h,ал,чIейацIал // чIейабацIал,,чIечIейо,чIечIеш,0,1) усыхать; гьаьше чIечIейо шкура усохла 2) быть (стать) сухопарым (худым),,е
953,чIуьгьиндокI,чIуьгьиндо,кI,0,,h,ал,чIуьгьиндобакIал,,ийо,ца,а,"принаряжать, украшать",,
954,чIуьгьиндолъ,чIуьгьиндо,лъ,0,,h,ал,чIуьгьиндобалъал,,ийо,ца,ѳ,принаряжаться,,
955,чIу,чI,у,0,,s,аьл,чIӯьбаькIаьл,,ийо,ца,аь,полоскать,,
956,чIоьчIлоьлъ,чIоьчIлоь,лъ,0,,h,ал,чIоьчIлоьбалъал,,ийо,ца,ѳ,1) быть (стать) резвым (шустрым) 2) шевелиться,,
957,шаж,ш,аж,0,,h,ал,шāжал,,ейо,еш,е,удовлетворяться,,е
960,шайх,шай,х,0,,h,ал,шайбахал,,ийо,ца,а,"1) тасовать, мешать 2) перен. беспокоить, взбудораживать",,
961,шейх,шей,х,0,,h,ал,шейбахал,,ийо,ца,а,"1) тасовать, мешать 2) перен. беспокоить, взбудораживать",,
962,шалдокI,шалдо,кI,0,,h,ал,шалдобакIал,,ийо,ца,а,"разрежать, разреживать",,
963,шалдолъ,шалдо,лъ,0,,h,ал,шалдобалъал,,ийо,ца,ѳ,разредиться,,
964,шалI,ш,алI,0,,h,ал,шāлIал,,ейо,еш,е,подсыхать,,е
965,шалIлI,,,,,,ал,,,ойо,ос,а,свистеть,,о
966,шардокI,шардо,кI,0,,h,ал,шардобакIал,,иро,ча,а,делать хромым (тляд.),,
967,шардолъ,шардо,лъ,0,,h,ал,шардобалъал,,иро,ча,ѳ,хромать (тляд.),,
968,шаьтIекI,шаьтIе,кI,0,,h,ал,шаьтIебакIал,,ийо,ца,а,обнажать,,
969,шаьтIелъ,шаьтIе,лъ,0,,h,ал,шаьтIебалъал,,ийо,ца,ѳ,обнажаться,,
970,шетI,ше,тI,0,,h,ал,шейатIал,,ийо,ца,ѳ,закрываться,,
971,шеш,ше,ш,0,,h,ал,шейасал,,ейо,еш,е,"становиться густым, густеть",,е
975,шоьш,шоь,ш,0,,s,аьл,шоьваьшаьл,,оьйо,оьш,аь,1) перевязывать,,оь
976,шоьъ,шоь,ъ,0,,s,аьл,шоьваьъаьл,,ийо,чаь,ѳ,забывать,,
977,шоьᴴлI,,,,,,аьл,,,оьйо,оьш,аь,1) грозить,,оь
978,шуьшоьлъ,шуьшоь,лъ,0,,s,аьл,шуьшоьбаьлъаьл,,ийо,чаь,ѳ,"1) быть (стать) тонким или тоньше, утончаться",,
979,шуьшоьлI,,,,,,аьл,,,оьйо,оьш,аь,"сыпаться, насыпаться",,оь
980,шуьшоьлIоьл,,,,,,ал,,,ло,ца,а,"сыпать, насыпать, посыпать",,
981,шуьшоьгъаьк,шуьшоьгъаь,к,0,,s,аьл,шуьшоьгъаьбаькаьл,,ийо,ца,ѳ,одеваться налегке,,
982,шуьшоькI,шуьшоь,кI,0,,s,аьл,шуьшоьбаькIаьл,,ийо,чаь,аь,"делать тонким или тоньше, утончать",,
983,элекI,эле,кI,0,,h,ал,элебакIал,,ийо,ца,а,"1) переставлять, расставлять",,
984,эмедāк,,,,,,ал,,,ийо,ца,ѳ,наступить (о весне),,
985,эмедāкI,,,,,,ал,,,ийо,ца,а,перех. от эмедāкал,,
986,эмкьак,,,,,,ал,,,ийо,ца,ѳ,прорастать,,
987,эмкьакI,,,,,,ал,,,ийо,ца,а,проращивать,,
988,эᴴддāк,эᴴдда,ак,0,,h,ал,эᴴддабāкал,,ийо,ца,ѳ,войти (оказаться загнанным) внутрь,,
989,эᴴддāкI,эᴴдда,акI,0,,h,ал,эᴴддабāкIал,,ийо,ца,а,1) загнать предмет во что-л. задвигать вглубь,,
990,эᴴдок,эᴴдо,к,0,,h,ал,эᴴдобакал,,ийо,ца,ѳ,"входить, заходить",,
991,эᴴдокI,эᴴдо,кI,0,,h,ал,эᴴдобакIал,,ийо,ца,а,загонять во внутрь,,
992,эᴴса,,,,,,ал,,,айо,с,а,сажать (закапывать) семена мотыгой,,